,time
0,60 min
1,93 min
2,45 min
3,91 min
4,87 min
5,90 min
6,50 min
7,83 min
8,77 min
9,105 min
10,143 min
11,92 min
12,121 min
13,105 min
14,120 min
15,130 min
16,140 min
17,91 min
18,127 min
19,133 min
20,96 min
21,139 min
22,158 min
23,115 min
24,95 min
25,60 min
26,94 min
27,78 min
28,85 min
29,101 min
30,109 min
31,117 min
32,74 min
33,120 min
34,88 min
35,84 min
36,92 min
37,80 min
38,102 min
39,91 min
40,98 min
41,112 min
42,124 min
43,95 min
44,104 min
45,95 min
46,88 min
47,122 min
48,138 min
49,109 min
50,102 min
51,57 min
52,101 min
53,93 min
54,96 min
55,117 min
56,147 min
57,86 min
58,109 min
59,92 min
60,161 min
61,108 min
62,102 min
63,90 min
64,84 min
65,86 min
66,90 min
67,63 min
68,82 min
69,82 min
70,102 min
71,123 min
72,100 min
73,94 min
74,90 min
75,98 min
76,167 min
77,167 min
78,94 min
79,161 min
80,83 min
81,59 min
82,46 min
83,84 min
84,93 min
85,70 min
86,109 min
87,90 min
88,98 min
89,95 min
90,87 min
91,87 min
92,123 min
93,89 min
94,105 min
95,77 min
96,95 min
97,115 min
98,110 min
99,88 min
100,113 min
101,98 min
102,130 min
103,100 min
104,95 min
105,153 min
106,100 min
107,84 min
108,120 min
109,97 min
110,95 min
111,77 min
112,93 min
113,99 min
114,102 min
115,80 min
116,60 min
117,59 min
118,92 min
119,89 min
120,97 min
121,91 min
122,85 min
123,93 min
124,86 min
125,119 min
126,107 min
127,79 min
128,112 min
129,85 min
130,88 min
131,94 min
132,110 min
133,96 min
134,103 min
135,101 min
136,150 min
137,86 min
138,110 min
139,79 min
140,90 min
141,48 min
142,85 min
143,119 min
144,98 min
145,85 min
146,75 min
147,104 min
148,88 min
149,98 min
150,93 min
151,92 min
152,99 min
153,99 min
154,97 min
155,80 min
156,91 min
157,94 min
158,46 min
159,81 min
160,120 min
161,108 min
162,90 min
163,90 min
164,120 min
165,89 min
166,118 min
167,90 min
168,98 min
169,94 min
170,97 min
171,81 min
172,79 min
173,85 min
174,119 min
175,92 min
176,98 min
177,85 min
178,124 min
179,85 min
180,80 min
181,83 min
182,91 min
183,103 min
184,120 min
185,93 min
186,106 min
187,92 min
188,108 min
189,89 min
190,85 min
191,101 min
192,136 min
193,160 min
194,88 min
195,84 min
196,95 min
197,100 min
198,86 min
199,89 min
200,72 min
201,60 min
202,102 min
203,75 min
204,100 min
205,82 min
206,106 min
207,91 min
208,56 min
209,85 min
210,76 min
211,90 min
212,92 min
213,117 min
214,96 min
215,97 min
216,90 min
217,97 min
218,90 min
219,105 min
220,45 min
221,100 min
222,94 min
223,106 min
224,142 min
225,104 min
226,97 min
227,101 min
228,95 min
229,118 min
230,118 min
231,93 min
232,109 min
233,92 min
234,87 min
235,55 min
236,70 min
237,127 min
238,90 min
239,105 min
240,117 min
241,100 min
242,63 min
243,135 min
244,57 min
245,53 min
246,93 min
247,154 min
248,94 min
249,101 min
250,91 min
251,96 min
252,85 min
253,112 min
254,100 min
255,102 min
256,100 min
257,102 min
258,80 min
259,100 min
260,90 min
261,100 min
262,116 min
263,100 min
264,73 min
265,90 min
266,110 min
267,100 min
268,86 min
269,95 min
270,90 min
271,88 min
272,71 min
273,90 min
274,75 min
275,90 min
276,78 min
277,98 min
278,96 min
279,96 min
280,88 min
281,100 min
282,115 min
283,90 min
284,80 min
285,88 min
286,89 min
287,113 min
288,86 min
289,94 min
290,95 min
291,95 min
292,115 min
293,110 min
294,151 min
295,110 min
296,100 min
297,171 min
298,64 min
299,60 min
300,63 min
301,60 min
302,93 min
303,107 min
304,119 min
305,101 min
306,102 min
307,92 min
308,120 min
309,90 min
310,147 min
311,95 min
312,108 min
313,99 min
314,97 min
315,90 min
316,87 min
317,60 min
318,60 min
319,88 min
320,103 min
321,92 min
322,90 min
323,84 min
324,87 min
325,105 min
326,131 min
327,90 min
328,135 min
329,100 min
330,103 min
331,94 min
332,109 min
333,90 min
334,106 min
335,88 min
336,90 min
337,90 min
338,102 min
339,88 min
340,60 min
341,61 min
342,86 min
343,96 min
344,90 min
345,91 min
346,89 min
347,95 min
348,131 min
349,92 min
350,94 min
351,89 min
352,85 min
353,91 min
354,86 min
355,82 min
356,92 min
357,85 min
358,101 min
359,89 min
360,143 min
361,89 min
362,86 min
363,82 min
364,95 min
365,99 min
366,85 min
367,102 min
368,93 min
369,109 min
370,95 min
371,128 min
372,120 min
373,95 min
374,82 min
375,119 min
376,87 min
377,91 min
378,89 min
379,100 min
380,91 min
381,74 min
382,80 min
383,88 min
384,75 min
385,78 min
386,85 min
387,100 min
388,105 min
389,87 min
390,73 min
391,101 min
392,90 min
393,85 min
394,93 min
395,107 min
396,165 min
397,102 min
398,135 min
399,118 min
400,104 min
401,86 min
402,101 min
403,79 min
404,105 min
405,149 min
406,91 min
407,99 min
408,95 min
409,96 min
410,65 min
411,100 min
412,60 min
413,98 min
414,80 min
415,89 min
416,95 min
417,95 min
418,90 min
419,86 min
420,110 min
421,111 min
422,87 min
423,118 min
424,73 min
425,105 min
426,139 min
427,90 min
428,113 min
429,95 min
430,105 min
431,84 min
432,85 min
433,180 min
434,110 min
435,106 min
436,70 min
437,81 min
438,140 min
439,125 min
440,91 min
441,80 min
442,49 min
443,105 min
444,70 min
445,81 min
446,111 min
447,91 min
448,86 min
449,90 min
450,90 min
451,94 min
452,60 min
453,83 min
454,93 min
455,90 min
456,110 min
457,94 min
458,87 min
459,100 min
460,62 min
461,102 min
462,114 min
463,80 min
464,104 min
465,94 min
466,60 min
467,60 min
468,87 min
469,93 min
470,89 min
471,99 min
472,93 min
473,90 min
474,97 min
475,99 min
476,105 min
477,86 min
478,87 min
479,100 min
480,98 min
481,90 min
482,54 min
483,120 min
484,93 min
485,75 min
486,104 min
487,82 min
488,90 min
489,95 min
490,89 min
491,113 min
492,85 min
493,104 min
494,89 min
495,89 min
496,90 min
497,71 min
498,113 min
499,97 min
500,93 min
501,123 min
502,89 min
503,93 min
504,88 min
505,90 min
506,104 min
507,112 min
508,84 min
509,113 min
510,60 min
511,59 min
512,61 min
513,60 min
514,92 min
515,82 min
516,109 min
517,96 min
518,30 min
519,55 min
520,60 min
521,96 min
522,105 min
523,87 min
524,92 min
525,105 min
526,115 min
527,120 min
528,55 min
529,77 min
530,95 min
531,116 min
532,132 min
533,100 min
534,88 min
535,90 min
536,86 min
537,87 min
538,86 min
539,95 min
540,94 min
541,90 min
542,87 min
543,99 min
544,99 min
545,122 min
546,96 min
547,160 min
548,96 min
549,91 min
550,91 min
551,60 min
552,82 min
553,66 min
554,98 min
555,90 min
556,83 min
557,93 min
558,90 min
559,91 min
560,70 min
561,111 min
562,95 min
563,98 min
564,90 min
565,89 min
566,98 min
567,60 min
568,105 min
569,95 min
570,93 min
571,80 min
572,100 min
573,90 min
574,112 min
575,90 min
576,110 min
577,92 min
578,101 min
579,112 min
580,90 min
581,85 min
582,110 min
583,94 min
584,95 min
585,91 min
586,96 min
587,93 min
588,100 min
589,100 min
590,97 min
591,116 min
592,95 min
593,89 min
594,75 min
595,78 min
596,60 min
597,90 min
598,84 min
599,128 min
600,100 min
601,88 min
602,90 min
603,95 min
604,85 min
605,84 min
606,92 min
607,95 min
608,90 min
609,106 min
610,106 min
611,60 min
612,89 min
613,88 min
614,90 min
615,70 min
616,88 min
617,62 min
618,95 min
619,123 min
620,107 min
621,93 min
622,91 min
623,111 min
624,90 min
625,151 min
626,71 min
627,113 min
628,101 min
629,95 min
630,82 min
631,92 min
632,98 min
633,112 min
634,127 min
635,97 min
636,92 min
637,90 min
638,124 min
639,90 min
640,90 min
641,80 min
642,95 min
643,105 min
644,90 min
645,95 min
646,169 min
647,95 min
648,99 min
649,84 min
650,119 min
651,105 min
652,110 min
653,110 min
654,104 min
655,138 min
656,50 min
657,61 min
658,57 min
659,100 min
660,80 min
661,115 min
662,88 min
663,94 min
664,51 min
665,113 min
666,65 min
667,68 min
668,93 min
669,90 min
670,50 min
671,102 min
672,141 min
673,90 min
674,72 min
675,47 min
676,76 min
677,87 min
678,96 min
679,53 min
680,60 min
681,91 min
682,97 min
683,90 min
684,71 min
685,93 min
686,128 min
687,80 min
688,81 min
689,104 min
690,90 min
691,60 min
692,100 min
693,50 min
694,97 min
695,85 min
696,97 min
697,97 min
698,108 min
699,90 min
700,80 min
701,60 min
702,125 min
703,104 min
704,111 min
705,98 min
706,80 min
707,73 min
708,88 min
709,90 min
710,98 min
711,86 min
712,147 min
713,93 min
714,88 min
715,120 min
716,92 min
717,65 min
718,114 min
719,80 min
720,105 min
721,88 min
722,103 min
723,92 min
724,90 min
725,140 min
726,94 min
727,90 min
728,112 min
729,90 min
730,84 min
731,80 min
732,60 min
733,79 min
734,95 min
735,91 min
736,90 min
737,90 min
738,84 min
739,92 min
740,117 min
741,101 min
742,88 min
743,100 min
744,160 min
745,60 min
746,95 min
747,140 min
748,81 min
749,74 min
750,56 min
751,91 min
752,101 min
753,126 min
754,60 min
755,60 min
756,140 min
757,108 min
758,87 min
759,100 min
760,84 min
761,83 min
762,72 min
763,87 min
764,104 min
765,90 min
766,93 min
767,131 min
768,88 min
769,83 min
770,124 min
771,93 min
772,92 min
773,145 min
774,89 min
775,108 min
776,102 min
777,106 min
778,86 min
779,90 min
780,95 min
781,94 min
782,87 min
783,92 min
784,110 min
785,97 min
786,70 min
787,78 min
788,86 min
789,95 min
790,95 min
791,94 min
792,91 min
793,90 min
794,100 min
795,62 min
796,60 min
797,90 min
798,96 min
799,91 min
800,90 min
801,90 min
802,102 min
803,102 min
804,96 min
805,92 min
806,90 min
807,52 min
808,85 min
809,93 min
810,122 min
811,95 min
812,127 min
813,77 min
814,125 min
815,169 min
816,98 min
817,92 min
818,89 min
819,110 min
820,72 min
821,90 min
822,96 min
823,102 min
824,90 min
825,104 min
826,94 min
827,90 min
828,90 min
829,75 min
830,106 min
831,95 min
832,110 min
833,123 min
834,130 min
835,109 min
836,89 min
837,78 min
838,95 min
839,103 min
840,58 min
841,62 min
842,60 min
843,72 min
844,95 min
845,115 min
846,105 min
847,89 min
848,89 min
849,130 min
850,79 min
851,84 min
852,90 min
853,80 min
854,92 min
855,101 min
856,92 min
857,79 min
858,170 min
859,92 min
860,88 min
861,88 min
862,90 min
863,84 min
864,60 min
865,60 min
866,96 min
867,88 min
868,94 min
869,116 min
870,196 min
871,122 min
872,97 min
873,90 min
874,110 min
875,98 min
876,93 min
877,85 min
878,89 min
879,74 min
880,112 min
881,93 min
882,98 min
883,81 min
884,115 min
885,87 min
886,109 min
887,93 min
888,115 min
889,92 min
890,91 min
891,60 min
892,62 min
893,97 min
894,97 min
895,110 min
896,104 min
897,92 min
898,90 min
899,91 min
900,85 min
901,127 min
902,85 min
903,97 min
904,96 min
905,90 min
906,100 min
907,99 min
908,98 min
909,114 min
910,132 min
911,83 min
912,105 min
913,87 min
914,100 min
915,105 min
916,111 min
917,88 min
918,95 min
919,97 min
920,81 min
921,95 min
922,85 min
923,93 min
924,93 min
925,87 min
926,96 min
927,88 min
928,95 min
929,111 min
930,75 min
931,98 min
932,97 min
933,95 min
934,103 min
935,122 min
936,101 min
937,116 min
938,94 min
939,90 min
940,102 min
941,172 min
942,79 min
943,124 min
944,131 min
945,92 min
946,93 min
947,60 min
948,86 min
949,97 min
950,102 min
951,115 min
952,98 min
953,92 min
954,90 min
955,102 min
956,81 min
957,73 min
958,58 min
959,75 min
960,147 min
961,154 min
962,87 min
963,84 min
964,74 min
965,115 min
966,112 min
967,116 min
968,103 min
969,139 min
970,102 min
971,110 min
972,99 min
973,115 min
974,91 min
975,96 min
976,105 min
977,135 min
978,131 min
979,174 min
980,103 min
981,86 min
982,85 min
983,95 min
984,82 min
985,119 min
986,104 min
987,85 min
988,119 min
989,104 min
990,120 min
991,183 min
992,105 min
993,90 min
994,95 min
995,97 min
996,90 min
997,117 min
998,50 min
999,101 min
1000,60 min
1001,104 min
1002,101 min
1003,100 min
1004,91 min
1005,112 min
1006,135 min
1007,106 min
1008,90 min
1009,89 min
1010,65 min
1011,60 min
1012,60 min
1013,95 min
1014,108 min
1015,100 min
1016,104 min
1017,115 min
1018,114 min
1019,85 min
1020,90 min
1021,95 min
1022,105 min
1023,90 min
1024,86 min
1025,77 min
1026,120 min
1027,75 min
1028,102 min
1029,104 min
1030,93 min
1031,90 min
1032,109 min
1033,90 min
1034,90 min
1035,135 min
1036,100 min
1037,90 min
1038,124 min
1039,123 min
1040,95 min
1041,55 min
1042,71 min
1043,94 min
1044,90 min
1045,95 min
1046,92 min
1047,96 min
1048,100 min
1049,101 min
1050,85 min
1051,95 min
1052,94 min
1053,88 min
1054,81 min
1055,98 min
1056,69 min
1057,95 min
1058,117 min
1059,84 min
1060,59 min
1061,82 min
1062,91 min
1063,99 min
1064,98 min
1065,89 min
1066,128 min
1067,111 min
1068,90 min
1069,101 min
1070,103 min
1071,90 min
1072,96 min
1073,94 min
1074,92 min
1075,47 min
1076,55 min
1077,79 min
1078,93 min
1079,92 min
1080,91 min
1081,95 min
1082,57 min
1083,96 min
1084,87 min
1085,99 min
1086,80 min
1087,106 min
1088,85 min
1089,101 min
1090,121 min
1091,117 min
1092,111 min
1093,89 min
1094,146 min
1095,96 min
1096,82 min
1097,172 min
1098,48 min
1099,102 min
1100,102 min
1101,106 min
1102,116 min
1103,90 min
1104,97 min
1105,83 min
1106,80 min
1107,85 min
1108,84 min
1109,60 min
1110,100 min
1111,91 min
1112,82 min
1113,93 min
1114,90 min
1115,90 min
1116,89 min
1117,92 min
1118,98 min
1119,117 min
1120,49 min
1121,60 min
1122,108 min
1123,79 min
1124,89 min
1125,95 min
1126,94 min
1127,94 min
1128,98 min
1129,102 min
1130,108 min
1131,110 min
1132,86 min
1133,84 min
1134,224 min
1135,94 min
1136,97 min
1137,108 min
1138,103 min
1139,109 min
1140,99 min
1141,80 min
1142,93 min
1143,90 min
1144,170 min
1145,94 min
1146,97 min
1147,110 min
1148,105 min
1149,98 min
1150,90 min
1151,120 min
1152,60 min
1153,60 min
1154,111 min
1155,108 min
1156,98 min
1157,86 min
1158,90 min
1159,101 min
1160,97 min
1161,102 min
1162,106 min
1163,90 min
1164,120 min
1165,100 min
1166,87 min
1167,120 min
1168,106 min
1169,87 min
1170,107 min
1171,85 min
1172,106 min
1173,104 min
1174,92 min
1175,130 min
1176,89 min
1177,94 min
1178,63 min
1179,152 min
1180,95 min
1181,110 min
1182,115 min
1183,92 min
1184,109 min
1185,105 min
1186,90 min
1187,60 min
1188,92 min
1189,87 min
1190,90 min
1191,97 min
1192,89 min
1193,118 min
1194,115 min
1195,117 min
1196,105 min
1197,94 min
1198,95 min
1199,98 min
1200,164 min
1201,146 min
1202,96 min
1203,75 min
1204,165 min
1205,80 min
1206,171 min
1207,78 min
1208,86 min
1209,116 min
1210,85 min
1211,99 min
1212,89 min
1213,120 min
1214,73 min
1215,97 min
1216,87 min
1217,81 min
1218,95 min
1219,131 min
1220,86 min
1221,150 min
1222,57 min
1223,60 min
1224,122 min
1225,99 min
1226,96 min
1227,95 min
1228,90 min
1229,127 min
1230,90 min
1231,95 min
1232,94 min
1233,96 min
1234,81 min
1235,56 min
1236,93 min
1237,87 min
1238,86 min
1239,77 min
1240,60 min
1241,132 min
1242,106 min
1243,80 min
1244,86 min
1245,88 min
1246,109 min
1247,60 min
1248,95 min
1249,100 min
1250,83 min
1251,100 min
1252,85 min
1253,100 min
1254,138 min
1255,90 min
1256,111 min
1257,87 min
1258,111 min
1259,92 min
1260,83 min
1261,96 min
1262,118 min
1263,88 min
1264,90 min
1265,70 min
1266,91 min
1267,86 min
1268,86 min
1269,150 min
1270,178 min
1271,75 min
1272,103 min
1273,93 min
1274,94 min
1275,74 min
1276,76 min
1277,48 min
1278,124 min
1279,91 min
1280,105 min
1281,98 min
1282,86 min
1283,87 min
1284,151 min
1285,105 min
1286,116 min
1287,106 min
1288,104 min
1289,95 min
1290,87 min
1291,93 min
1292,91 min
1293,130 min
1294,100 min
1295,105 min
1296,100 min
1297,126 min
1298,110 min
1299,90 min
1300,130 min
1301,95 min
1302,87 min
1303,98 min
1304,97 min
1305,184 min
1306,158 min
1307,139 min
1308,60 min
1309,60 min
1310,61 min
1311,87 min
1312,111 min
1313,113 min
1314,90 min
1315,72 min
1316,104 min
1317,60 min
1318,201 min
1319,70 min
1320,51 min
1321,90 min
1322,88 min
1323,103 min
1324,92 min
1325,50 min
1326,92 min
1327,86 min
1328,89 min
1329,102 min
1330,75 min
1331,104 min
1332,103 min
1333,107 min
1334,81 min
1335,90 min
1336,90 min
1337,91 min
1338,125 min
1339,90 min
1340,90 min
1341,110 min
1342,77 min
1343,90 min
1344,82 min
1345,100 min
1346,90 min
1347,108 min
1348,98 min
1349,105 min
1350,75 min
1351,102 min
1352,88 min
1353,105 min
1354,107 min
1355,60 min
1356,92 min
1357,91 min
1358,95 min
1359,111 min
1360,72 min
1361,106 min
1362,90 min
1363,110 min
1364,95 min
1365,94 min
1366,119 min
1367,98 min
1368,90 min
1369,90 min
1370,140 min
1371,97 min
1372,123 min
1373,75 min
1374,84 min
1375,88 min
1376,60 min
1377,120 min
1378,87 min
1379,118 min
1380,90 min
1381,90 min
1382,111 min
1383,95 min
1384,144 min
1385,112 min
1386,101 min
1387,88 min
1388,97 min
1389,156 min
1390,111 min
1391,74 min
1392,73 min
1393,125 min
1394,80 min
1395,90 min
1396,50 min
1397,86 min
1398,79 min
1399,90 min
1400,84 min
1401,100 min
1402,105 min
1403,96 min
1404,97 min
1405,85 min
1406,89 min
1407,104 min
1408,105 min
1409,100 min
1410,83 min
1411,103 min
1412,90 min
1413,90 min
1414,114 min
1415,98 min
1416,90 min
1417,102 min
1418,89 min
1419,168 min
1420,97 min
1421,83 min
1422,160 min
1423,94 min
1424,100 min
1425,90 min
1426,90 min
1427,117 min
1428,60 min
1429,103 min
1430,100 min
1431,104 min
1432,63 min
1433,109 min
1434,108 min
1435,88 min
1436,112 min
1437,47 min
1438,93 min
1439,95 min
1440,92 min
1441,94 min
1442,98 min
1443,84 min
1444,75 min
1445,59 min
1446,58 min
1447,104 min
1448,98 min
1449,114 min
1450,105 min
1451,90 min
1452,95 min
1453,95 min
1454,100 min
1455,104 min
1456,93 min
1457,93 min
1458,86 min
1459,93 min
1460,183 min
1461,149 min
1462,90 min
1463,100 min
1464,89 min
1465,83 min
1466,135 min
1467,60 min
1468,60 min
1469,107 min
1470,132 min
1471,56 min
1472,108 min
1473,142 min
1474,73 min
1475,84 min
1476,102 min
1477,60 min
1478,121 min
1479,94 min
1480,88 min
1481,108 min
1482,89 min
1483,95 min
1484,96 min
1485,50 min
1486,55 min
1487,101 min
1488,90 min
1489,84 min
1490,84 min
1491,99 min
1492,123 min
1493,102 min
1494,94 min
1495,45 min
1496,92 min
1497,112 min
1498,104 min
1499,85 min
1500,85 min
1501,90 min
1502,157 min
1503,131 min
1504,163 min
1505,104 min
1506,111 min
1507,80 min
1508,108 min
1509,75 min
1510,77 min
1511,120 min
1512,88 min
1513,97 min
1514,92 min
1515,102 min
1516,105 min
1517,104 min
1518,95 min
1519,104 min
1520,97 min
1521,87 min
1522,90 min
1523,100 min
1524,84 min
1525,93 min
1526,96 min
1527,100 min
1528,88 min
1529,181 min
1530,70 min
1531,98 min
1532,128 min
1533,110 min
1534,90 min
1535,100 min
1536,105 min
1537,90 min
1538,87 min
1539,85 min
1540,113 min
1541,90 min
1542,107 min
1543,113 min
1544,86 min
1545,90 min
1546,95 min
1547,90 min
1548,104 min
1549,100 min
1550,85 min
1551,114 min
1552,95 min
1553,60 min
1554,83 min
1555,123 min
1556,92 min
1557,93 min
1558,78 min
1559,88 min
1560,107 min
1561,97 min
1562,127 min
1563,120 min
1564,105 min
1565,87 min
1566,90 min
1567,91 min
1568,105 min
1569,106 min
1570,80 min
1571,87 min
1572,107 min
1573,90 min
1574,165 min
1575,92 min
1576,98 min
1577,93 min
1578,115 min
1579,80 min
1580,102 min
1581,117 min
1582,94 min
1583,90 min
1584,80 min
1585,69 min
1586,91 min
1587,103 min
1588,114 min
1589,90 min
1590,82 min
1591,128 min
1592,97 min
1593,202 min
1594,100 min
1595,82 min
1596,95 min
1597,168 min
1598,81 min
1599,88 min
1600,91 min
1601,150 min
1602,93 min
1603,120 min
1604,97 min
1605,45 min
1606,75 min
1607,163 min
1608,63 min
1609,126 min
1610,96 min
1611,98 min
1612,103 min
1613,115 min
1614,91 min
1615,115 min
1616,100 min
1617,92 min
1618,61 min
1619,57 min
1620,83 min
1621,96 min
1622,124 min
1623,113 min
1624,90 min
1625,60 min
1626,55 min
1627,60 min
1628,122 min
1629,87 min
1630,117 min
1631,107 min
1632,104 min
1633,112 min
1634,108 min
1635,90 min
1636,108 min
1637,133 min
1638,84 min
1639,96 min
1640,121 min
1641,99 min
1642,92 min
1643,105 min
1644,134 min
1645,123 min
1646,112 min
1647,93 min
1648,103 min
1649,103 min
1650,84 min
1651,108 min
1652,93 min
1653,84 min
1654,93 min
1655,100 min
1656,112 min
1657,110 min
1658,100 min
1659,94 min
1660,92 min
1661,123 min
1662,105 min
1663,93 min
1664,124 min
1665,184 min
1666,60 min
1667,60 min
1668,120 min
1669,85 min
1670,95 min
1671,129 min
1672,104 min
1673,101 min
1674,105 min
1675,121 min
1676,85 min
1677,104 min
1678,95 min
1679,158 min
1680,102 min
1681,80 min
1682,187 min
1683,150 min
1684,89 min
1685,146 min
1686,92 min
1687,105 min
1688,91 min
1689,157 min
1690,85 min
1691,59 min
1692,61 min
1693,122 min
1694,100 min
1695,92 min
1696,96 min
1697,88 min
1698,95 min
1699,95 min
1700,98 min
1701,108 min
1702,91 min
1703,100 min
1704,97 min
1705,105 min
1706,105 min
1707,116 min
1708,79 min
1709,83 min
1710,97 min
1711,106 min
1712,125 min
1713,97 min
1714,97 min
1715,84 min
1716,93 min
1717,99 min
1718,85 min
1719,110 min
1720,106 min
1721,106 min
1722,104 min
1723,109 min
1724,109 min
1725,91 min
1726,117 min
1727,115 min
1728,98 min
1729,94 min
1730,51 min
1731,85 min
1732,97 min
1733,83 min
1734,80 min
1735,88 min
1736,82 min
1737,85 min
1738,48 min
1739,100 min
1740,80 min
1741,76 min
1742,95 min
1743,159 min
1744,92 min
1745,119 min
1746,95 min
1747,93 min
1748,92 min
1749,108 min
1750,112 min
1751,103 min
1752,115 min
1753,138 min
1754,85 min
1755,108 min
1756,90 min
1757,176 min
1758,108 min
1759,99 min
1760,108 min
1761,106 min
1762,96 min
1763,113 min
1764,83 min
1765,90 min
1766,90 min
1767,86 min
1768,95 min
1769,89 min
1770,112 min
1771,106 min
1772,89 min
1773,48 min
1774,90 min
1775,106 min
1776,106 min
1777,88 min
1778,87 min
1779,92 min
1780,98 min
1781,129 min
1782,138 min
1783,115 min
1784,134 min
1785,77 min
1786,93 min
1787,94 min
1788,70 min
1789,85 min
1790,58 min
1791,92 min
1792,95 min
1793,84 min
1794,60 min
1795,90 min
1796,106 min
1797,111 min
1798,92 min
1799,56 min
1800,98 min
1801,99 min
1802,100 min
1803,89 min
1804,94 min
1805,87 min
1806,87 min
1807,83 min
1808,86 min
1809,91 min
1810,126 min
1811,104 min
1812,90 min
1813,109 min
1814,85 min
1815,104 min
1816,165 min
1817,91 min
1818,90 min
1819,75 min
1820,131 min
1821,75 min
1822,108 min
1823,85 min
1824,60 min
1825,70 min
1826,105 min
1827,80 min
1828,85 min
1829,92 min
1830,87 min
1831,93 min
1832,90 min
1833,86 min
1834,48 min
1835,119 min
1836,113 min
1837,115 min
1838,95 min
1839,93 min
1840,95 min
1841,75 min
1842,80 min
1843,109 min
1844,90 min
1845,97 min
1846,103 min
1847,91 min
1848,96 min
1849,89 min
1850,95 min
1851,98 min
1852,90 min
1853,113 min
1854,80 min
1855,124 min
1856,94 min
1857,101 min
1858,83 min
1859,100 min
1860,112 min
1861,90 min
1862,107 min
1863,105 min
1864,94 min
1865,90 min
1866,130 min
1867,90 min
1868,90 min
1869,93 min
1870,113 min
1871,150 min
1872,97 min
1873,109 min
1874,107 min
1875,86 min
1876,125 min
1877,84 min
1878,55 min
1879,150 min
1880,165 min
1881,88 min
1882,65 min
1883,60 min
1884,65 min
1885,60 min
1886,90 min
1887,94 min
1888,104 min
1889,100 min
1890,106 min
1891,132 min
1892,82 min
1893,111 min
1894,90 min
1895,112 min
1896,50 min
1897,99 min
1898,80 min
1899,86 min
1900,97 min
1901,95 min
1902,86 min
1903,90 min
1904,104 min
1905,127 min
1906,91 min
1907,77 min
1908,85 min
1909,90 min
1910,90 min
1911,120 min
1912,106 min
1913,87 min
1914,77 min
1915,81 min
1916,104 min
1917,99 min
1918,97 min
1919,105 min
1920,60 min
1921,95 min
1922,150 min
1923,88 min
1924,106 min
1925,120 min
1926,100 min
1927,47 min
1928,94 min
1929,97 min
1930,80 min
1931,87 min
1932,92 min
1933,50 min
1934,109 min
1935,96 min
1936,90 min
1937,81 min
1938,46 min
1939,92 min
1940,86 min
1941,78 min
1942,86 min
1943,105 min
1944,157 min
1945,94 min
1946,78 min
1947,110 min
1948,86 min
1949,90 min
1950,117 min
1951,98 min
1952,107 min
1953,107 min
1954,103 min
1955,87 min
1956,125 min
1957,60 min
1958,61 min
1959,90 min
1960,93 min
1961,102 min
1962,107 min
1963,106 min
1964,90 min
1965,90 min
1966,108 min
1967,96 min
1968,90 min
1969,113 min
1970,98 min
1971,112 min
1972,109 min
1973,93 min
1974,117 min
1975,102 min
1976,99 min
1977,93 min
1978,82 min
1979,70 min
1980,94 min
1981,90 min
1982,98 min
1983,85 min
1984,75 min
1985,153 min
1986,60 min
1987,104 min
1988,91 min
1989,88 min
1990,90 min
1991,90 min
1992,90 min
1993,78 min
1994,88 min
1995,105 min
1996,82 min
1997,97 min
1998,110 min
1999,85 min
2000,97 min
2001,102 min
2002,110 min
2003,82 min
2004,96 min
2005,77 min
2006,114 min
2007,83 min
2008,90 min
2009,75 min
2010,92 min
2011,88 min
2012,92 min
2013,70 min
2014,93 min
2015,81 min
2016,116 min
2017,123 min
2018,95 min
2019,86 min
2020,94 min
2021,98 min
2022,73 min
2023,109 min
2024,106 min
2025,90 min
2026,175 min
2027,97 min
2028,110 min
2029,101 min
2030,72 min
2031,94 min
2032,105 min
2033,93 min
2034,120 min
2035,112 min
2036,90 min
2037,80 min
2038,99 min
2039,45 min
2040,103 min
2041,105 min
2042,62 min
2043,81 min
2044,78 min
2045,83 min
2046,90 min
2047,90 min
2048,90 min
2049,88 min
2050,73 min
2051,111 min
2052,96 min
2053,97 min
2054,100 min
2055,46 min
2056,88 min
2057,97 min
2058,96 min
2059,102 min
2060,90 min
2061,99 min
2062,75 min
2063,132 min
2064,131 min
2065,90 min
2066,106 min
2067,96 min
2068,120 min
2069,160 min
2070,93 min
2071,47 min
2072,73 min
2073,157 min
2074,159 min
2075,62 min
2076,81 min
2077,102 min
2078,111 min
2079,106 min
2080,122 min
2081,104 min
2082,102 min
2083,60 min
2084,101 min
2085,91 min
2086,97 min
2087,95 min
2088,120 min
2089,65 min
2090,100 min
2091,79 min
2092,112 min
2093,93 min
2094,91 min
2095,85 min
2096,90 min
2097,100 min
2098,104 min
2099,90 min
2100,96 min
2101,90 min
2102,90 min
2103,96 min
2104,128 min
2105,120 min
2106,89 min
2107,93 min
2108,97 min
2109,92 min
2110,75 min
2111,81 min
2112,90 min
2113,110 min
2114,109 min
2115,93 min
2116,79 min
2117,62 min
2118,114 min
2119,105 min
2120,96 min
2121,110 min
2122,89 min
2123,88 min
2124,103 min
2125,110 min
2126,178 min
2127,78 min
2128,155 min
2129,60 min
2130,57 min
2131,95 min
2132,97 min
2133,92 min
2134,93 min
2135,90 min
2136,105 min
2137,113 min
2138,90 min
2139,92 min
2140,96 min
2141,125 min
2142,102 min
2143,150 min
2144,93 min
2145,99 min
2146,86 min
2147,89 min
2148,89 min
2149,81 min
2150,110 min
2151,104 min
2152,86 min
2153,107 min
2154,100 min
2155,95 min
2156,105 min
2157,103 min
2158,89 min
2159,96 min
2160,94 min
2161,109 min
2162,104 min
2163,96 min
2164,45 min
2165,90 min
2166,107 min
2167,168 min
2168,94 min
2169,98 min
2170,100 min
2171,91 min
2172,113 min
2173,117 min
2174,105 min
2175,110 min
2176,93 min
2177,98 min
2178,110 min
2179,83 min
2180,117 min
2181,120 min
2182,180 min
2183,84 min
2184,118 min
2185,109 min
2186,97 min
2187,76 min
2188,48 min
2189,60 min
2190,57 min
2191,114 min
2192,158 min
2193,120 min
2194,90 min
2195,75 min
2196,93 min
2197,86 min
2198,87 min
2199,90 min
2200,94 min
2201,97 min
2202,90 min
2203,75 min
2204,55 min
2205,94 min
2206,100 min
2207,105 min
2208,105 min
2209,91 min
2210,80 min
2211,50 min
2212,90 min
2213,58 min
2214,60 min
2215,152 min
2216,88 min
2217,90 min
2218,55 min
2219,108 min
2220,100 min
2221,131 min
2222,97 min
2223,95 min
2224,148 min
2225,101 min
2226,123 min
2227,87 min
2228,87 min
2229,45 min
2230,82 min
2231,60 min
2232,70 min
2233,93 min
2234,85 min
2235,100 min
2236,103 min
2237,90 min
2238,87 min
2239,99 min
2240,119 min
2241,104 min
2242,85 min
2243,95 min
2244,83 min
2245,130 min
2246,90 min
2247,90 min
2248,108 min
2249,103 min
2250,107 min
2251,113 min
2252,90 min
2253,110 min
2254,90 min
2255,110 min
2256,106 min
2257,64 min
2258,130 min
2259,60 min
2260,91 min
2261,106 min
2262,111 min
2263,114 min
2264,119 min
2265,100 min
2266,54 min
2267,110 min
2268,93 min
2269,99 min
2270,90 min
2271,91 min
2272,91 min
2273,90 min
2274,95 min
2275,75 min
2276,87 min
2277,115 min
2278,102 min
2279,106 min
2280,103 min
2281,100 min
2282,90 min
2283,105 min
2284,93 min
2285,90 min
2286,100 min
2287,90 min
2288,103 min
2289,119 min
2290,165 min
2291,138 min
2292,151 min
2293,156 min
2294,118 min
2295,95 min
2296,104 min
2297,87 min
2298,115 min
2299,95 min
2300,104 min
2301,95 min
2302,52 min
2303,87 min
2304,86 min
2305,75 min
2306,110 min
2307,153 min
2308,90 min
2309,90 min
2310,98 min
2311,93 min
2312,177 min
2313,95 min
2314,146 min
2315,153 min
2316,120 min
2317,110 min
2318,100 min
2319,110 min
2320,124 min
2321,92 min
2322,74 min
2323,94 min
2324,53 min
2325,115 min
2326,106 min
2327,85 min
2328,95 min
2329,100 min
2330,91 min
2331,101 min
2332,93 min
2333,72 min
2334,91 min
2335,151 min
2336,70 min
2337,60 min
2338,61 min
2339,120 min
2340,84 min
2341,65 min
2342,126 min
2343,118 min
2344,90 min
2345,61 min
2346,97 min
2347,95 min
2348,89 min
2349,108 min
2350,180 min
2351,100 min
2352,90 min
2353,91 min
2354,60 min
2355,120 min
2356,108 min
2357,86 min
2358,85 min
2359,90 min
2360,90 min
2361,98 min
2362,115 min
2363,96 min
2364,105 min
2365,90 min
2366,115 min
2367,89 min
2368,90 min
2369,90 min
2370,87 min
2371,56 min
2372,63 min
2373,90 min
2374,134 min
2375,91 min
2376,90 min
2377,112 min
2378,80 min
2379,101 min
2380,86 min
2381,115 min
2382,90 min
2383,101 min
2384,94 min
2385,54 min
2386,124 min
2387,101 min
2388,87 min
2389,82 min
2390,90 min
2391,102 min
2392,100 min
2393,95 min
2394,95 min
2395,150 min
2396,78 min
2397,110 min
2398,116 min
2399,110 min
2400,97 min
2401,113 min
2402,80 min
2403,95 min
2404,90 min
2405,83 min
2406,96 min
2407,110 min
2408,85 min
2409,78 min
2410,95 min
2411,90 min
2412,90 min
2413,87 min
2414,84 min
2415,85 min
2416,57 min
2417,60 min
2418,50 min
2419,94 min
2420,98 min
2421,84 min
2422,100 min
2423,50 min
2424,82 min
2425,60 min
2426,114 min
2427,60 min
2428,60 min
2429,102 min
2430,99 min
2431,132 min
2432,75 min
2433,78 min
2434,100 min
2435,116 min
2436,96 min
2437,92 min
2438,94 min
2439,120 min
2440,86 min
2441,94 min
2442,92 min
2443,93 min
2444,123 min
2445,51 min
2446,93 min
2447,93 min
2448,96 min
2449,92 min
2450,89 min
2451,100 min
2452,131 min
2453,143 min
2454,59 min
2455,107 min
2456,130 min
2457,70 min
2458,80 min
2459,100 min
2460,119 min
2461,80 min
2462,82 min
2463,178 min
2464,89 min
2465,136 min
2466,93 min
2467,119 min
2468,97 min
2469,139 min
2470,118 min
2471,157 min
2472,152 min
2473,100 min
2474,94 min
2475,102 min
2476,85 min
2477,110 min
2478,90 min
2479,76 min
2480,60 min
2481,89 min
2482,135 min
2483,94 min
2484,90 min
2485,60 min
2486,90 min
2487,210 min
2488,102 min
2489,113 min
2490,91 min
2491,90 min
2492,85 min
2493,98 min
2494,100 min
2495,90 min
2496,138 min
2497,103 min
2498,53 min
2499,93 min
2500,75 min
2501,143 min
2502,100 min
2503,135 min
2504,120 min
2505,90 min
2506,94 min
2507,109 min
2508,121 min
2509,112 min
2510,93 min
2511,111 min
2512,144 min
2513,94 min
2514,94 min
2515,86 min
2516,100 min
2517,84 min
2518,98 min
2519,91 min
2520,84 min
2521,45 min
2522,94 min
2523,92 min
2524,100 min
2525,158 min
2526,107 min
2527,95 min
2528,98 min
2529,80 min
2530,114 min
2531,150 min
2532,99 min
2533,75 min
2534,94 min
2535,70 min
2536,130 min
2537,60 min
2538,80 min
2539,82 min
2540,63 min
2541,60 min
2542,75 min
2543,114 min
2544,100 min
2545,89 min
2546,92 min
2547,100 min
2548,113 min
2549,90 min
2550,130 min
2551,115 min
2552,100 min
2553,90 min
2554,99 min
2555,111 min
2556,90 min
2557,45 min
2558,141 min
2559,95 min
2560,80 min
2561,98 min
2562,90 min
2563,157 min
2564,62 min
2565,59 min
2566,59 min
2567,57 min
2568,60 min
2569,100 min
2570,150 min
2571,110 min
2572,93 min
2573,86 min
2574,90 min
2575,92 min
2576,90 min
2577,91 min
2578,85 min
2579,91 min
2580,98 min
2581,119 min
2582,90 min
2583,80 min
2584,115 min
2585,93 min
2586,93 min
2587,100 min
2588,115 min
2589,76 min
2590,90 min
2591,97 min
2592,118 min
2593,86 min
2594,94 min
2595,90 min
2596,106 min
2597,82 min
2598,90 min
2599,82 min
2600,92 min
2601,90 min
2602,90 min
2603,130 min
2604,98 min
2605,93 min
2606,85 min
2607,104 min
2608,89 min
2609,90 min
2610,165 min
2611,99 min
2612,94 min
2613,83 min
2614,93 min
2615,95 min
2616,120 min
2617,120 min
2618,95 min
2619,120 min
2620,77 min
2621,90 min
2622,88 min
2623,94 min
2624,105 min
2625,100 min
2626,99 min
2627,90 min
2628,60 min
2629,84 min
2630,94 min
2631,95 min
2632,80 min
2633,87 min
2634,122 min
2635,144 min
2636,99 min
2637,91 min
2638,92 min
2639,96 min
2640,90 min
2641,101 min
2642,89 min
2643,89 min
2644,112 min
2645,90 min
2646,100 min
2647,96 min
2648,104 min
2649,90 min
2650,63 min
2651,47 min
2652,87 min
2653,83 min
2654,95 min
2655,85 min
2656,125 min
2657,95 min
2658,50 min
2659,100 min
2660,86 min
2661,88 min
2662,80 min
2663,90 min
2664,76 min
2665,75 min
2666,178 min
2667,78 min
2668,94 min
2669,79 min
2670,100 min
2671,74 min
2672,90 min
2673,95 min
2674,60 min
2675,85 min
2676,52 min
2677,90 min
2678,94 min
2679,93 min
2680,112 min
2681,97 min
2682,86 min
2683,86 min
2684,89 min
2685,80 min
2686,87 min
2687,94 min
2688,71 min
2689,143 min
2690,93 min
2691,99 min
2692,90 min
2693,98 min
2694,89 min
2695,80 min
2696,76 min
2697,91 min
2698,78 min
2699,90 min
2700,80 min
2701,102 min
2702,91 min
2703,94 min
2704,65 min
2705,85 min
2706,89 min
2707,60 min
2708,66 min
2709,77 min
2710,89 min
2711,165 min
2712,89 min
2713,315 min
2714,63 min
2715,71 min
2716,108 min
2717,77 min
2718,96 min
2719,109 min
2720,90 min
2721,75 min
2722,91 min
2723,95 min
2724,90 min
2725,52 min
2726,122 min
2727,108 min
2728,45 min
2729,100 min
2730,82 min
2731,90 min
2732,95 min
2733,65 min
2734,88 min
2735,86 min
2736,136 min
2737,96 min
2738,90 min
2739,83 min
2740,88 min
2741,80 min
2742,48 min
2743,75 min
2744,81 min
2745,124 min
2746,100 min
2747,50 min
2748,98 min
2749,85 min
2750,95 min
2751,45 min
2752,110 min
2753,100 min
2754,47 min
2755,45 min
2756,140 min
2757,97 min
2758,63 min
2759,96 min
2760,84 min
2761,90 min
2762,85 min
2763,90 min
2764,45 min
2765,84 min
2766,75 min
2767,135 min
2768,86 min
2769,87 min
2770,80 min
2771,45 min
2772,78 min
2773,62 min
2774,136 min
2775,91 min
2776,105 min
2777,90 min
2778,90 min
2779,80 min
2780,75 min
2781,99 min
2782,86 min
2783,90 min
2784,75 min
2785,99 min
2786,86 min
2787,96 min
2788,103 min
2789,5 min
2790,92 min
2791,60 min
2792,70 min
2793,96 min
2794,49 min
2795,118 min
2796,121 min
2797,72 min
2798,81 min
2799,110 min
2800,158 min
2801,85 min
2802,60 min
2803,90 min
2804,50 min
2805,96 min
2806,90 min
2807,152 min
2808,75 min
2809,90 min
2810,113 min
2811,90 min
2812,90 min
2813,75 min
2814,90 min
2815,70 min
2816,90 min
2817,71 min
2818,93 min
2819,90 min
2820,90 min
2821,90 min
2822,70 min
2823,90 min
2824,90 min
2825,90 min
2826,90 min
2827,90 min
2828,90 min
2829,90 min
2830,90 min
2831,90 min
2832,104 min
2833,83 min
2834,85 min
2835,80 min
2836,85 min
2837,90 min
2838,102 min
2839,48 min
2840,60 min
2841,85 min
2842,150 min
2843,60 min
2844,85 min
2845,90 min
2846,82 min
2847,195 min
2848,82 min
2849,75 min
2850,90 min
2851,93 min
2852,48 min
2853,91 min
2854,63 min
2855,88 min
2856,90 min
2857,90 min
2858,93 min
2859,80 min
2860,113 min
2861,133 min
2862,84 min
2863,60 min
2864,90 min
2865,121 min
2866,138 min
2867,52 min
2868,84 min
2869,99 min
2870,105 min
2871,80 min
2872,100 min
2873,100 min
2874,88 min
2875,100 min
2876,95 min
2877,90 min
2878,90 min
2879,96 min
2880,90 min
2881,90 min
2882,90 min
2883,70 min
2884,210 min
2885,90 min
2886,75 min
2887,88 min
2888,98 min
2889,85 min
2890,50 min
2891,90 min
2892,83 min
2893,52 min
2894,97 min
2895,114 min
2896,90 min
2897,115 min
2898,133 min
2899,56 min
2900,96 min
2901,94 min
2902,141 min
2903,100 min
2904,132 min
2905,75 min
2906,90 min
2907,91 min
2908,255 min
2909,90 min
2910,115 min
2911,100 min
2912,92 min
2913,88 min
2914,91 min
2915,55 min
2916,152 min
2917,90 min
2918,108 min
2919,90 min
2920,99 min
2921,79 min
2922,69 min
2923,90 min
2924,137 min
2925,105 min
2926,109 min
2927,141 min
2928,110 min
2929,95 min
2930,120 min
2931,85 min
2932,162 min
2933,93 min
2934,119 min
2935,60 min
2936,57 min
2937,150 min
2938,150 min
2939,150 min
2940,150 min
2941,150 min
2942,60 min
2943,107 min
2944,108 min
2945,86 min
2946,165 min
2947,88 min
2948,98 min
2949,49 min
2950,74 min
2951,51 min
2952,86 min
2953,115 min
2954,90 min
2955,60 min
2956,74 min
2957,153 min
2958,58 min
2959,174 min
2960,86 min
2961,139 min
2962,109 min
2963,58 min
2964,86 min
2965,98 min
2966,46 min
2967,56 min
2968,91 min
2969,72 min
2970,92 min
2971,60 min
2972,83 min
2973,110 min
2974,60 min
2975,129 min
2976,145 min
2977,135 min
2978,100 min
2979,87 min
2980,85 min
2981,45 min
2982,45 min
2983,50 min
2984,91 min
2985,72 min
2986,80 min
2987,83 min
2988,89 min
2989,148 min
2990,111 min
2991,51 min
2992,84 min
2993,90 min
2994,157 min
2995,73 min
2996,76 min
2997,56 min
2998,150 min
2999,119 min
3000,128 min
3001,115 min
3002,99 min
3003,125 min
3004,120 min
3005,93 min
3006,89 min
3007,83 min
3008,81 min
3009,82 min
3010,89 min
3011,68 min
3012,119 min
3013,118 min
3014,103 min
3015,65 min
3016,53 min
3017,124 min
3018,116 min
3019,118 min
3020,157 min
3021,120 min
3022,53 min
3023,92 min
3024,104 min
3025,87 min
3026,78 min
3027,61 min
3028,96 min
3029,126 min
3030,90 min
3031,90 min
3032,86 min
3033,100 min
3034,82 min
3035,111 min
3036,170 min
3037,110 min
3038,101 min
3039,90 min
3040,158 min
3041,112 min
3042,72 min
3043,96 min
3044,92 min
3045,98 min
3046,132 min
3047,96 min
3048,91 min
3049,112 min
3050,78 min
3051,94 min
3052,107 min
3053,95 min
3054,93 min
3055,99 min
3056,96 min
3057,90 min
3058,96 min
3059,112 min
3060,165 min
3061,125 min
3062,82 min
3063,158 min
3064,93 min
3065,101 min
3066,88 min
3067,86 min
3068,101 min
3069,103 min
3070,56 min
3071,165 min
3072,50 min
3073,96 min
3074,82 min
3075,96 min
3076,93 min
3077,90 min
3078,122 min
3079,93 min
3080,50 min
3081,87 min
3082,60 min
3083,85 min
3084,113 min
3085,105 min
3086,90 min
3087,84 min
3088,80 min
3089,99 min
3090,103 min
3091,60 min
3092,85 min
3093,155 min
3094,175 min
3095,150 min
3096,100 min
3097,78 min
3098,88 min
3099,155 min
3100,90 min
3101,60 min
3102,80 min
3103,90 min
3104,107 min
3105,110 min
3106,86 min
3107,82 min
3108,89 min
3109,50 min
3110,100 min
3111,100 min
3112,116 min
3113,104 min
3114,94 min
3115,96 min
3116,90 min
3117,99 min
3118,103 min
3119,88 min
3120,86 min
3121,95 min
3122,118 min
3123,102 min
3124,105 min
3125,60 min
3126,59 min
3127,89 min
3128,101 min
3129,123 min
3130,92 min
3131,110 min
3132,90 min
3133,90 min
3134,115 min
3135,65 min
3136,94 min
3137,91 min
3138,103 min
3139,90 min
3140,131 min
3141,89 min
3142,120 min
3143,101 min
3144,90 min
3145,100 min
3146,90 min
3147,114 min
3148,60 min
3149,82 min
3150,97 min
3151,93 min
3152,85 min
3153,96 min
3154,86 min
3155,70 min
3156,90 min
3157,50 min
3158,160 min
3159,81 min
3160,90 min
3161,119 min
3162,100 min
3163,95 min
3164,173 min
3165,104 min
3166,90 min
3167,92 min
3168,100 min
3169,102 min
3170,138 min
3171,162 min
3172,91 min
3173,95 min
3174,60 min
3175,90 min
3176,110 min
3177,70 min
3178,150 min
3179,92 min
3180,90 min
3181,90 min
3182,74 min
3183,60 min
3184,84 min
3185,82 min
3186,122 min
3187,94 min
3188,96 min
3189,47 min
3190,107 min
3191,73 min
3192,101 min
3193,102 min
3194,100 min
3195,88 min
3196,84 min
3197,86 min
3198,90 min
3199,85 min
3200,95 min
3201,90 min
3202,91 min
3203,93 min
3204,89 min
3205,76 min
3206,97 min
3207,115 min
3208,78 min
3209,50 min
3210,79 min
3211,82 min
3212,81 min
3213,126 min
3214,85 min
3215,62 min
3216,49 min
3217,51 min
3218,110 min
3219,88 min
3220,72 min
3221,50 min
3222,100 min
3223,96 min
3224,117 min
3225,50 min
3226,86 min
3227,56 min
3228,53 min
3229,51 min
3230,96 min
3231,65 min
3232,52 min
3233,86 min
3234,89 min
3235,136 min
3236,93 min
3237,99 min
3238,117 min
3239,151 min
3240,55 min
3241,115 min
3242,112 min
3243,80 min
3244,92 min
3245,110 min
3246,90 min
3247,108 min
3248,110 min
3249,80 min
3250,88 min
3251,102 min
3252,96 min
3253,112 min
3254,90 min
3255,129 min
3256,59 min
3257,62 min
3258,60 min
3259,80 min
3260,117 min
3261,88 min
3262,95 min
3263,90 min
3264,103 min
3265,70 min
3266,120 min
3267,92 min
3268,83 min
3269,83 min
3270,93 min
3271,108 min
3272,94 min
3273,112 min
3274,98 min
3275,60 min
3276,60 min
3277,97 min
3278,77 min
3279,104 min
3280,113 min
3281,112 min
3282,71 min
3283,103 min
3284,97 min
3285,100 min
3286,98 min
3287,95 min
3288,93 min
3289,98 min
3290,83 min
3291,90 min
3292,85 min
3293,115 min
3294,120 min
3295,82 min
3296,98 min
3297,180 min
3298,99 min
3299,90 min
3300,96 min
3301,112 min
3302,135 min
3303,89 min
3304,86 min
3305,103 min
3306,97 min
3307,105 min
3308,115 min
3309,105 min
3310,110 min
3311,105 min
3312,75 min
3313,82 min
3314,120 min
3315,180 min
3316,122 min
3317,90 min
3318,93 min
3319,109 min
3320,96 min
3321,93 min
3322,85 min
3323,93 min
3324,90 min
3325,90 min
3326,90 min
3327,128 min
3328,110 min
3329,93 min
3330,90 min
3331,76 min
3332,88 min
3333,95 min
3334,71 min
3335,75 min
3336,90 min
3337,103 min
3338,90 min
3339,121 min
3340,106 min
3341,125 min
3342,94 min
3343,87 min
3344,98 min
3345,117 min
3346,91 min
3347,132 min
3348,98 min
3349,101 min
3350,95 min
3351,91 min
3352,120 min
3353,78 min
3354,98 min
3355,76 min
3356,123 min
3357,88 min
3358,87 min
3359,149 min
3360,80 min
3361,150 min
3362,90 min
3363,103 min
3364,116 min
3365,125 min
3366,116 min
3367,118 min
3368,174 min
3369,115 min
3370,85 min
3371,90 min
3372,152 min
3373,96 min
3374,92 min
3375,144 min
3376,142 min
3377,138 min
3378,70 min
3379,60 min
3380,104 min
3381,99 min
3382,91 min
3383,80 min
3384,94 min
3385,90 min
3386,90 min
3387,96 min
3388,60 min
3389,97 min
3390,97 min
3391,91 min
3392,83 min
3393,93 min
3394,83 min
3395,95 min
3396,85 min
3397,104 min
3398,89 min
3399,160 min
3400,76 min
3401,57 min
3402,60 min
3403,108 min
3404,87 min
3405,92 min
3406,95 min
3407,103 min
3408,98 min
3409,125 min
3410,110 min
3411,102 min
3412,91 min
3413,88 min
3414,110 min
3415,87 min
3416,132 min
3417,94 min
3418,100 min
3419,102 min
3420,89 min
3421,142 min
3422,111 min
3423,102 min
3424,95 min
3425,93 min
3426,96 min
3427,138 min
3428,94 min
3429,83 min
3430,86 min
3431,118 min
3432,95 min
3433,91 min
3434,113 min
3435,102 min
3436,60 min
3437,109 min
3438,100 min
3439,86 min
3440,98 min
3441,73 min
3442,93 min
3443,79 min
3444,95 min
3445,105 min
3446,85 min
3447,117 min
3448,90 min
3449,83 min
3450,76 min
3451,86 min
3452,100 min
3453,96 min
3454,93 min
3455,90 min
3456,99 min
3457,96 min
3458,97 min
3459,134 min
3460,100 min
3461,93 min
3462,102 min
3463,53 min
3464,103 min
3465,116 min
3466,97 min
3467,60 min
3468,91 min
3469,107 min
3470,100 min
3471,92 min
3472,100 min
3473,65 min
3474,90 min
3475,95 min
3476,90 min
3477,61 min
3478,61 min
3479,50 min
3480,90 min
3481,89 min
3482,56 min
3483,59 min
3484,103 min
3485,99 min
3486,96 min
3487,90 min
3488,107 min
3489,95 min
3490,47 min
3491,107 min
3492,100 min
3493,95 min
3494,101 min
3495,88 min
3496,100 min
3497,100 min
3498,86 min
3499,106 min
3500,125 min
3501,102 min
3502,95 min
3503,112 min
3504,125 min
3505,95 min
3506,90 min
3507,90 min
3508,81 min
3509,84 min
3510,90 min
3511,86 min
3512,145 min
3513,60 min
3514,87 min
3515,95 min
3516,84 min
3517,83 min
3518,92 min
3519,113 min
3520,57 min
3521,85 min
3522,90 min
3523,80 min
3524,60 min
3525,90 min
3526,88 min
3527,87 min
3528,85 min
3529,101 min
3530,100 min
3531,100 min
3532,90 min
3533,108 min
3534,56 min
3535,56 min
3536,95 min
3537,87 min
3538,85 min
3539,95 min
3540,81 min
3541,84 min
3542,100 min
3543,81 min
3544,95 min
3545,90 min
3546,151 min
3547,100 min
3548,91 min
3549,88 min
3550,89 min
3551,115 min
3552,94 min
3553,100 min
3554,100 min
3555,85 min
3556,90 min
3557,94 min
3558,87 min
3559,79 min
3560,85 min
3561,120 min
3562,86 min
3563,103 min
3564,92 min
3565,105 min
3566,105 min
3567,90 min
3568,85 min
3569,92 min
3570,112 min
3571,90 min
3572,114 min
3573,108 min
3574,110 min
3575,105 min
3576,112 min
3577,50 min
3578,90 min
3579,90 min
3580,90 min
3581,90 min
3582,96 min
3583,130 min
3584,111 min
3585,97 min
3586,94 min
3587,100 min
3588,92 min
3589,112 min
3590,110 min
3591,88 min
3592,89 min
3593,93 min
3594,90 min
3595,60 min
3596,89 min
3597,120 min
3598,106 min
3599,117 min
3600,102 min
3601,93 min
3602,97 min
3603,74 min
3604,105 min
3605,85 min
3606,104 min
3607,96 min
3608,115 min
3609,158 min
3610,80 min
3611,138 min
3612,100 min
3613,58 min
3614,61 min
3615,95 min
3616,98 min
3617,108 min
3618,118 min
3619,118 min
3620,87 min
3621,113 min
3622,97 min
3623,127 min
3624,78 min
3625,94 min
3626,91 min
3627,97 min
3628,92 min
3629,78 min
3630,142 min
3631,108 min
3632,100 min
3633,50 min
3634,106 min
3635,101 min
3636,100 min
3637,88 min
3638,111 min
3639,96 min
3640,89 min
3641,129 min
3642,95 min
3643,90 min
3644,90 min
3645,62 min
3646,58 min
3647,86 min
3648,82 min
3649,102 min
3650,120 min
3651,45 min
3652,50 min
3653,60 min
3654,102 min
3655,97 min
3656,92 min
3657,91 min
3658,83 min
3659,93 min
3660,90 min
3661,108 min
3662,70 min
3663,62 min
3664,78 min
3665,92 min
3666,60 min
3667,102 min
3668,88 min
3669,85 min
3670,85 min
3671,109 min
3672,180 min
3673,115 min
3674,83 min
3675,78 min
3676,105 min
3677,92 min
3678,108 min
3679,85 min
3680,92 min
3681,87 min
3682,102 min
3683,98 min
3684,150 min
3685,100 min
3686,83 min
3687,103 min
3688,96 min
3689,97 min
3690,165 min
3691,80 min
3692,106 min
3693,102 min
3694,101 min
3695,135 min
3696,106 min
3697,75 min
3698,90 min
3699,90 min
3700,45 min
3701,46 min
3702,93 min
3703,98 min
3704,70 min
3705,95 min
3706,89 min
3707,63 min
3708,95 min
3709,65 min
3710,90 min
3711,97 min
3712,95 min
3713,93 min
3714,97 min
3715,96 min
3716,107 min
3717,90 min
3718,145 min
3719,90 min
3720,92 min
3721,146 min
3722,87 min
3723,88 min
3724,61 min
3725,88 min
3726,90 min
3727,112 min
3728,140 min
3729,86 min
3730,94 min
3731,92 min
3732,91 min
3733,70 min
3734,84 min
3735,119 min
3736,133 min
3737,128 min
3738,90 min
3739,106 min
3740,90 min
3741,100 min
3742,88 min
3743,100 min
3744,53 min
3745,108 min
3746,72 min
3747,97 min
3748,92 min
3749,95 min
3750,150 min
3751,162 min
3752,92 min
3753,85 min
3754,116 min
3755,106 min
3756,89 min
3757,104 min
3758,107 min
3759,90 min
3760,99 min
3761,78 min
3762,90 min
3763,64 min
3764,92 min
3765,155 min
3766,92 min
3767,97 min
3768,91 min
3769,97 min
3770,102 min
3771,125 min
3772,46 min
3773,86 min
3774,103 min
3775,92 min
3776,91 min
3777,106 min
3778,88 min
3779,180 min
3780,115 min
3781,91 min
3782,105 min
3783,72 min
3784,97 min
3785,159 min
3786,90 min
3787,71 min
3788,59 min
3789,59 min
3790,100 min
3791,124 min
3792,98 min
3793,95 min
3794,60 min
3795,105 min
3796,55 min
3797,112 min
3798,92 min
3799,116 min
3800,89 min
3801,88 min
3802,105 min
3803,65 min
3804,85 min
3805,92 min
3806,91 min
3807,92 min
3808,98 min
3809,65 min
3810,76 min
3811,94 min
3812,78 min
3813,110 min
3814,60 min
3815,85 min
3816,80 min
3817,70 min
3818,91 min
3819,94 min
3820,148 min
3821,101 min
3822,116 min
3823,83 min
3824,103 min
3825,90 min
3826,91 min
3827,93 min
3828,98 min
3829,94 min
3830,110 min
3831,103 min
3832,150 min
3833,90 min
3834,84 min
3835,80 min
3836,92 min
3837,78 min
3838,58 min
3839,132 min
3840,84 min
3841,154 min
3842,59 min
3843,114 min
3844,90 min
3845,72 min
3846,88 min
3847,71 min
3848,111 min
3849,90 min
3850,120 min
3851,95 min
3852,91 min
3853,82 min
3854,121 min
3855,93 min
3856,89 min
3857,108 min
3858,114 min
3859,87 min
3860,90 min
3861,93 min
3862,114 min
3863,49 min
3864,92 min
3865,103 min
3866,103 min
3867,100 min
3868,77 min
3869,90 min
3870,100 min
3871,87 min
3872,100 min
3873,146 min
3874,140 min
3875,110 min
3876,106 min
3877,94 min
3878,96 min
3879,83 min
3880,127 min
3881,60 min
3882,56 min
3883,125 min
3884,90 min
3885,97 min
3886,80 min
3887,61 min
3888,60 min
3889,96 min
3890,91 min
3891,118 min
3892,112 min
3893,106 min
3894,109 min
3895,131 min
3896,100 min
3897,120 min
3898,80 min
3899,100 min
3900,46 min
3901,150 min
3902,137 min
3903,60 min
3904,60 min
3905,104 min
3906,95 min
3907,76 min
3908,100 min
3909,75 min
3910,86 min
3911,91 min
3912,90 min
3913,171 min
3914,97 min
3915,88 min
3916,95 min
3917,92 min
3918,124 min
3919,83 min
3920,87 min
3921,106 min
3922,88 min
3923,89 min
3924,90 min
3925,99 min
3926,150 min
3927,158 min
3928,96 min
3929,97 min
3930,94 min
3931,120 min
3932,72 min
3933,140 min
3934,113 min
3935,84 min
3936,144 min
3937,136 min
3938,163 min
3939,99 min
3940,130 min
3941,114 min
3942,90 min
3943,81 min
3944,142 min
3945,98 min
3946,90 min
3947,94 min
3948,80 min
3949,103 min
3950,90 min
3951,108 min
3952,126 min
3953,73 min
3954,60 min
3955,86 min
3956,85 min
3957,182 min
3958,93 min
3959,110 min
3960,87 min
3961,124 min
3962,100 min
3963,88 min
3964,125 min
3965,83 min
3966,52 min
3967,83 min
3968,130 min
3969,122 min
3970,128 min
3971,100 min
3972,105 min
3973,133 min
3974,90 min
3975,90 min
3976,76 min
3977,94 min
3978,95 min
3979,111 min
3980,95 min
3981,70 min
3982,105 min
3983,83 min
3984,103 min
3985,92 min
3986,85 min
3987,130 min
3988,119 min
3989,67 min
3990,85 min
3991,99 min
3992,95 min
3993,92 min
3994,129 min
3995,141 min
3996,95 min
3997,121 min
3998,97 min
3999,90 min
4000,90 min
4001,105 min
4002,100 min
4003,147 min
4004,115 min
4005,113 min
4006,90 min
4007,104 min
4008,94 min
4009,84 min
4010,103 min
4011,115 min
4012,95 min
4013,115 min
4014,98 min
4015,90 min
4016,112 min
4017,106 min
4018,105 min
4019,61 min
4020,100 min
4021,112 min
4022,100 min
4023,125 min
4024,85 min
4025,97 min
4026,88 min
4027,108 min
4028,94 min
4029,100 min
4030,99 min
4031,105 min
4032,126 min
4033,90 min
4034,120 min
4035,120 min
4036,185 min
4037,98 min
4038,101 min
4039,99 min
4040,129 min
4041,112 min
4042,95 min
4043,96 min
4044,105 min
4045,110 min
4046,100 min
4047,100 min
4048,174 min
4049,150 min
4050,86 min
4051,87 min
4052,95 min
4053,89 min
4054,91 min
4055,96 min
4056,78 min
4057,60 min
4058,90 min
4059,129 min
4060,133 min
4061,85 min
4062,95 min
4063,76 min
4064,115 min
4065,80 min
4066,45 min
4067,95 min
4068,80 min
4069,100 min
4070,91 min
4071,84 min
4072,93 min
4073,124 min
4074,81 min
4075,83 min
4076,90 min
4077,75 min
4078,99 min
4079,86 min
4080,102 min
4081,95 min
4082,89 min
4083,91 min
4084,86 min
4085,94 min
4086,90 min
4087,90 min
4088,94 min
4089,92 min
4090,90 min
4091,90 min
4092,76 min
4093,160 min
4094,91 min
4095,85 min
4096,88 min
4097,161 min
4098,95 min
4099,100 min
4100,102 min
4101,99 min
4102,97 min
4103,89 min
4104,53 min
4105,93 min
4106,90 min
4107,94 min
4108,46 min
4109,88 min
4110,47 min
4111,135 min
4112,134 min
4113,173 min
4114,60 min
4115,60 min
4116,61 min
4117,101 min
4118,131 min
4119,101 min
4120,88 min
4121,100 min
4122,98 min
4123,99 min
4124,65 min
4125,108 min
4126,48 min
4127,116 min
4128,89 min
4129,100 min
4130,90 min
4131,60 min
4132,95 min
4133,85 min
4134,96 min
4135,88 min
4136,90 min
4137,111 min
4138,119 min
4139,106 min
4140,118 min
4141,101 min
4142,150 min
4143,50 min
4144,99 min
4145,82 min
4146,85 min
4147,93 min
4148,99 min
4149,87 min
4150,155 min
4151,78 min
4152,158 min
4153,115 min
4154,188 min
4155,80 min
4156,93 min
4157,89 min
4158,88 min
4159,86 min
4160,89 min
4161,99 min
4162,108 min
4163,124 min
4164,76 min
4165,92 min
4166,79 min
4167,93 min
4168,107 min
4169,80 min
4170,92 min
4171,94 min
4172,112 min
4173,93 min
4174,93 min
4175,96 min
4176,96 min
4177,100 min
4178,88 min
4179,100 min
4180,104 min
4181,105 min
4182,58 min
4183,89 min
4184,90 min
4185,80 min
4186,121 min
4187,102 min
4188,90 min
4189,90 min
4190,72 min
4191,60 min
4192,85 min
4193,91 min
4194,134 min
4195,93 min
4196,100 min
4197,155 min
4198,100 min
4199,87 min
4200,87 min
4201,79 min
4202,136 min
4203,152 min
4204,63 min
4205,89 min
4206,84 min
4207,61 min
4208,87 min
4209,110 min
4210,60 min
4211,66 min
4212,85 min
4213,108 min
4214,145 min
4215,119 min
4216,91 min
4217,92 min
4218,80 min
4219,105 min
4220,90 min
4221,85 min
4222,80 min
4223,158 min
4224,93 min
4225,97 min
4226,101 min
4227,94 min
4228,91 min
4229,86 min
4230,95 min
4231,162 min
4232,87 min
4233,59 min
4234,73 min
4235,131 min
4236,93 min
4237,97 min
4238,78 min
4239,60 min
4240,105 min
4241,77 min
4242,96 min
4243,88 min
4244,85 min
4245,104 min
4246,46 min
4247,120 min
4248,74 min
4249,106 min
4250,98 min
4251,95 min
4252,99 min
4253,55 min
4254,120 min
4255,105 min
4256,102 min
4257,100 min
4258,126 min
4259,94 min
4260,65 min
4261,97 min
4262,106 min
4263,114 min
4264,80 min
4265,120 min
4266,150 min
4267,96 min
4268,105 min
4269,85 min
4270,102 min
4271,117 min
4272,126 min
4273,171 min
4274,50 min
4275,65 min
4276,150 min
4277,180 min
4278,62 min
4279,103 min
4280,103 min
4281,114 min
4282,91 min
4283,86 min
4284,48 min
4285,93 min
4286,97 min
4287,101 min
4288,80 min
4289,88 min
4290,82 min
4291,86 min
4292,82 min
4293,90 min
4294,75 min
4295,94 min
4296,75 min
4297,84 min
4298,52 min
4299,76 min
4300,102 min
4301,80 min
4302,60 min
4303,120 min
4304,88 min
4305,85 min
4306,99 min
4307,90 min
4308,165 min
4309,90 min
4310,90 min
4311,90 min
4312,48 min
4313,85 min
4314,103 min
4315,92 min
4316,98 min
4317,102 min
4318,173 min
4319,133 min
4320,98 min
4321,97 min
4322,96 min
4323,110 min
4324,97 min
4325,100 min
4326,85 min
4327,93 min
4328,102 min
4329,53 min
4330,96 min
4331,90 min
4332,80 min
4333,172 min
4334,99 min
4335,140 min
4336,150 min
4337,101 min
4338,117 min
4339,93 min
4340,85 min
4341,92 min
4342,87 min
4343,92 min
4344,90 min
4345,85 min
4346,94 min
4347,112 min
4348,60 min
4349,100 min
4350,95 min
4351,155 min
4352,104 min
4353,85 min
4354,90 min
4355,90 min
4356,108 min
4357,96 min
4358,86 min
4359,75 min
4360,107 min
4361,100 min
4362,92 min
4363,107 min
4364,46 min
4365,93 min
4366,120 min
4367,91 min
4368,93 min
4369,87 min
4370,98 min
4371,71 min
4372,95 min
4373,53 min
4374,88 min
4375,77 min
4376,124 min
4377,88 min
4378,95 min
4379,84 min
4380,81 min
4381,80 min
4382,85 min
4383,100 min
4384,94 min
4385,85 min
4386,100 min
4387,88 min
4388,88 min
4389,110 min
4390,80 min
4391,93 min
4392,138 min
4393,105 min
4394,176 min
4395,120 min
4396,96 min
4397,75 min
4398,170 min
4399,148 min
4400,137 min
4401,60 min
4402,78 min
4403,114 min
4404,65 min
4405,90 min
4406,60 min
4407,88 min
4408,90 min
4409,121 min
4410,90 min
4411,94 min
4412,103 min
4413,60 min
4414,120 min
4415,102 min
4416,90 min
4417,113 min
4418,103 min
4419,173 min
4420,77 min
4421,102 min
4422,120 min
4423,75 min
4424,140 min
4425,67 min
4426,110 min
4427,71 min
4428,96 min
4429,99 min
4430,130 min
4431,104 min
