,year
0,(2001)
1,(2001)
2,(2001)
3,(2001)
4,(2001)
5,(2001)
6,(2001)
7,(2001)
8,(2001)
9,(2001)
10,(2001)
11,(2001)
12,(I) (2001)
13,(II) (2001)
14,(2001)
15,(2001)
16,(2001)
17,(2001)
18,(2001)
19,(2001)
20,(2001)
21,(2001)
22,(2001)
23,(2001)
24,(2001)
25,(2001)
26,(2001)
27,(2001)
28,(2001)
29,(2001)
30,(2001)
31,(2001)
32,(2001)
33,(2001)
34,(2001)
35,(2001)
36,(2001)
37,(2001)
38,(2001)
39,(2001)
40,(2001)
41,(2001)
42,(2001)
43,(2001)
44,(2001)
45,(2001)
46,(2001)
47,(2001)
48,(2001)
49,(2001)
50,(2001)
51,(2001)
52,(2001)
53,(2001)
54,(2001)
55,(2001)
56,(2001)
57,(2001)
58,(2001)
59,(2001)
60,(2001)
61,(2001)
62,(2001)
63,(2001)
64,(2001)
65,(2001)
66,(2001)
67,(2001)
68,(2001)
69,(2001)
70,(2001)
71,(2001)
72,(2001)
73,(2001)
74,(2001)
75,(2001)
76,(2001)
77,(2001)
78,(2001)
79,(2001)
80,(2001)
81,(2001)
82,(2001)
83,(2001)
84,(2001)
85,(2001)
86,(2001)
87,(2001)
88,(2001)
89,(2001)
90,(2001)
91,(2001)
92,(2001)
93,(2001)
94,(2001)
95,(2001)
96,(2001)
97,(2001)
98,(2001)
99,(2001)
100,(2001)
101,(2001)
102,(2001)
103,(2001)
104,(2001)
105,(2001)
106,(2001)
107,(2001)
108,(2001)
109,(2001)
110,(2001)
111,(2001)
112,(2001)
113,(2001)
114,(2001)
115,(2001)
116,(2001)
117,(2001)
118,(2001)
119,(2001)
120,(2001)
121,(2001)
122,(2001)
123,(2001)
124,(2001)
125,(2001)
126,(2001)
127,(2001)
128,(2001)
129,(2001)
130,(2001)
131,(2001)
132,(2001)
133,(2001)
134,(2001)
135,(2001)
136,(2001)
137,(2001)
138,(2001)
139,(2001)
140,(2001)
141,(2001)
142,(2001)
143,(2001)
144,(2001)
145,(2001)
146,(2001)
147,(2001)
148,(2001)
149,(2001)
150,(2001)
151,(2001)
152,(2001)
153,(2001)
154,(2001)
155,(2001)
156,(2001)
157,(2001)
158,(2001)
159,(2001)
160,(2001)
161,(2001)
162,(2001)
163,(2001)
164,(2001)
165,(I) (2001)
166,(2001)
167,(2001)
168,(2001)
169,(2001)
170,(2001)
171,(2001)
172,(2001)
173,(2001)
174,(2001)
175,(2001)
176,(2001)
177,(2001)
178,(2001)
179,(2001)
180,(2001)
181,(2001)
182,(2001)
183,(2001)
184,(2001)
185,(I) (2001)
186,(2001)
187,(2001)
188,(2001)
189,(2001)
190,(2001)
191,(2001)
192,(2001)
193,(2001)
194,(2001)
195,(2001)
196,(2001)
197,(2001)
198,(2001)
199,(2001)
200,(2001)
201,(2001)
202,(2001)
203,(2001)
204,(2001)
205,(2001)
206,(2001)
207,(2001)
208,(2001)
209,(2001)
210,(2001)
211,(2001)
212,(2001)
213,(2001)
214,(I) (2001)
215,(2001)
216,(2001)
217,(2001)
218,(2001)
219,(2001)
220,(2001)
221,(2001)
222,(2001)
223,(2001)
224,(2001)
225,(2001)
226,(2001)
227,(2001)
228,(2001)
229,(2001)
230,(2001)
231,(2001)
232,(2001)
233,(2001)
234,(2001)
235,(2001)
236,(2001)
237,(2001)
238,(2001)
239,(2001)
240,(2001)
241,(2001)
242,(2001)
243,(2001)
244,(2001)
245,(II) (2001)
246,(2001)
247,(2001)
248,(2001)
249,(2001)
250,(2001)
251,(2001)
252,(2001)
253,(2001)
254,(2001)
255,(2001)
256,(2001)
257,(2001)
258,(2001)
259,(2001)
260,(2001)
261,(2001)
262,(2001)
263,(2001)
264,(2001)
265,(2001)
266,(2001)
267,(2001)
268,(2001)
269,(2001)
270,(2001)
271,(2001)
272,(2001)
273,(I) (2001)
274,(2001)
275,(2001)
276,(2001)
277,(2001)
278,(2001)
279,(2001)
280,(2001)
281,(2001)
282,(2001)
283,(2001)
284,(2001)
285,(2001)
286,(2001)
287,(2001)
288,(2001)
289,(2001)
290,(2001)
291,(2001)
292,(2001)
293,(2001)
294,(2001)
295,(2001)
296,(2001)
297,(2001)
298,(2001)
299,(2001)
300,(2001)
301,(2001)
302,(2001)
303,(2001)
304,(2001)
305,(2001)
306,(2001)
307,(2001)
308,(2001)
309,(2001)
310,(I) (2001)
311,(2001)
312,(2001)
313,(2001)
314,(2001)
315,(2001)
316,(2001)
317,(2001)
318,(2001)
319,(2001)
320,(I) (2001)
321,(2001)
322,(2001)
323,(2001)
324,(2001)
325,(2001)
326,(2001)
327,(2001)
328,(2001)
329,(2001)
330,(2001)
331,(2001)
332,(2001)
333,(2001)
334,(2001)
335,(2001)
336,(2001)
337,(2001)
338,(2001)
339,(2001)
340,(2001)
341,(2001)
342,(2001)
343,(2001)
344,(2001)
345,(2001)
346,(2001)
347,(2001)
348,(2001)
349,(2001)
350,(2001)
351,(2001)
352,(2001)
353,(2001)
354,(2001)
355,(2001)
356,(2001)
357,(2001)
358,(2001)
359,(2001)
360,(2001)
361,(2001)
362,(2001)
363,(2001)
364,(2001)
365,(2001)
366,(2001)
367,(2001)
368,(2001)
369,(2001)
370,(2001)
371,(2001)
372,(2001)
373,(2001)
374,(2001)
375,(2001)
376,(2001)
377,(2001)
378,(2001)
379,(2001)
380,(2001)
381,(2001)
382,(2001)
383,(2001)
384,(2001)
385,(2001)
386,(2001)
387,(2001)
388,(2001)
389,(2001)
390,(2001)
391,(2001)
392,(2001)
393,(2001)
394,(2001)
395,(2001)
396,(2001)
397,(2001)
398,(2001)
399,(2001)
400,(2001)
401,(2001)
402,(2001)
403,(2001)
404,(2001)
405,(2001)
406,(2001)
407,(2001)
408,(2001)
409,(2001)
410,(2001)
411,(2001)
412,(2001)
413,(2001)
414,(2001)
415,(2001)
416,(2001)
417,(2001)
418,(2001)
419,(2001)
420,(2001)
421,(2001)
422,(2001)
423,(2001)
424,(2001)
425,(2001)
426,(2001)
427,(2001)
428,(2001)
429,(2001)
430,(2001)
431,(2001)
432,(2001)
433,(2001)
434,(2001)
435,(2001)
436,(2001)
437,(2001)
438,(2001)
439,(2001)
440,(2001)
441,(2001)
442,(2001)
443,(2001)
444,(2001)
445,(2001)
446,(2001)
447,(2001)
448,(2001)
449,(2001)
450,(2001)
451,(2001)
452,(2001)
453,(2001)
454,(2001)
455,(2001)
456,(2001)
457,(2001)
458,(2001)
459,(2001)
460,(I) (2001)
461,(2001)
462,(2001)
463,(2001)
464,(2001)
465,(2001)
466,(2001)
467,(2001)
468,(2001)
469,(2001)
470,(2001)
471,(2001)
472,(2001)
473,(2001)
474,(2001)
475,(2001)
476,(2001)
477,(2001)
478,(2001)
479,(2001)
480,(2001)
481,(2001)
482,(2001)
483,(2001)
484,(2001)
485,(2001)
486,(2001)
487,(2001)
488,(2001)
489,(2001)
490,(2001)
491,(2001)
492,(2001)
493,(2001)
494,(2001)
495,(2001)
496,(2001)
497,(2001)
498,(2001)
499,(2001)
500,(2001)
501,(2001)
502,(2001)
503,(2001)
504,(2001)
505,(2001)
506,(2001)
507,(2001)
508,(2001)
509,(2001)
510,(2001)
511,(2001)
512,(2001)
513,(2001)
514,(2001)
515,(2001)
516,(2001)
517,(2001)
518,(2001)
519,(2001)
520,(2001)
521,(2001)
522,(2001)
523,(2001)
524,(2001)
525,(2001)
526,(2001)
527,(2001)
528,(2001)
529,(2001)
530,(2001)
531,(2001)
532,(2001)
533,(2001)
534,(2001)
535,(2001)
536,(2001)
537,(2001)
538,(2001)
539,(2001)
540,(2001)
541,(2001)
542,(2001)
543,(2001)
544,(2001)
545,(2001)
546,(2001)
547,(2001)
548,(2001)
549,(2001)
550,(2001)
551,(2001)
552,(2001)
553,(2001)
554,(2001)
555,(2001)
556,(2001)
557,(2001)
558,(2001)
559,(2001)
560,(2001)
561,(2001)
562,(2001)
563,(2001)
564,(2001)
565,(2001)
566,(2001)
567,(2001)
568,(2001)
569,(2001)
570,(2001)
571,(2001)
572,(2001)
573,(2001)
574,(2001)
575,(2001)
576,(2001)
577,(2001)
578,(2001)
579,(2001)
580,(2001)
581,(2001)
582,(2001)
583,(2001)
584,(2001)
585,(2001)
586,(2001)
587,(2001)
588,(2001)
589,(2001)
590,(2001)
591,(2001)
592,(2001)
593,(2001)
594,(2001)
595,(2001)
596,(2001)
597,(2001)
598,(2001)
599,(2001)
600,(2001)
601,(2001)
602,(2001)
603,(2001)
604,(2001)
605,(2001)
606,(2001)
607,(2001)
608,(2001)
609,(2001)
610,(2001)
611,(2001)
612,(2001)
613,(2001)
614,(2001)
615,(2001)
616,(2001)
617,(2001)
618,(2001)
619,(2001)
620,(2001)
621,(2001)
622,(2001)
623,(2001)
624,(2001)
625,(2001)
626,(2001)
627,(2001)
628,(2001)
629,(2001)
630,(2001)
631,(2001)
632,(2001)
633,(2001)
634,(2001)
635,(2001)
636,(2001)
637,(2001)
638,(2001)
639,(2001)
640,(2001)
641,(2001)
642,(2001)
643,(2001)
644,(2001)
645,(2001)
646,(2001)
647,(2001)
648,(2001)
649,(2001)
650,(2001)
651,(2001)
652,(2001)
653,(2001)
654,(2001)
655,(2001)
656,(2001)
657,(2001)
658,(2001)
659,(2001)
660,(2001)
661,(2001)
662,(2001)
663,(2001)
664,(2001)
665,(2001)
666,(2001)
667,(2001)
668,(2001)
669,(I) (2001)
670,(2001)
671,(2001)
672,(I) (2001)
673,(2001)
674,(2001)
675,(2001)
676,(2001)
677,(2001)
678,(2001)
679,(2001)
680,(2001)
681,(2001)
682,(2001)
683,(2001)
684,(2001)
685,(2001)
686,(2001)
687,(2001)
688,(2001)
689,(2001)
690,(2001)
691,(2001)
692,(2001)
693,(2001)
694,(2001)
695,(2001)
696,(2001)
697,(2001)
698,(2001)
699,(2001)
700,(2001)
701,(2001)
702,(2001)
703,(2001)
704,(2001)
705,(2001)
706,(2001)
707,(2001)
708,(2001)
709,(2001)
710,(2001)
711,(2001)
712,(2001)
713,(2001)
714,(2001)
715,(2001)
716,(2001)
717,(2001)
718,(2001)
719,(2001)
720,(2001)
721,(2001)
722,(2001)
723,(2001)
724,(2001)
725,(2001)
726,(2001)
727,(2001)
728,(2001)
729,(2001)
730,(2001)
731,(2001)
732,(2001)
733,(2001)
734,(2001)
735,(2001)
736,(2001)
737,(2001)
738,(2001)
739,(2001)
740,(2001)
741,(2001)
742,(2001)
743,(2001)
744,(2001)
745,(2001)
746,(2001)
747,(2001)
748,(2001)
749,(2001)
750,(2001)
751,(2001)
752,(2001)
753,(2001)
754,(2001)
755,(2001)
756,(2001)
757,(2001)
758,(2001)
759,(2001)
760,(2001)
761,(2001)
762,(2001)
763,(2001)
764,(2001)
765,(2001)
766,(2001)
767,(2001)
768,(2001)
769,(2001)
770,(2001)
771,(2001)
772,(2001)
773,(2001)
774,(2001)
775,(2001)
776,(2001)
777,(2001)
778,(2001)
779,(2001)
780,(2001)
781,(2001)
782,(2001)
783,(2001)
784,(2001)
785,(2001)
786,(2001)
787,(2001)
788,(2001)
789,(2001)
790,(II) (2001)
791,(2001)
792,(2001)
793,(2001)
794,(I) (2001)
795,(2001)
796,(2001)
797,(2001)
798,(2001)
799,(2001)
800,(2001)
801,(2001)
802,(2001)
803,(2001)
804,(2001)
805,(2001)
806,(2001)
807,(2001)
808,(2001)
809,(2001)
810,(2001)
811,(2001)
812,(2001)
813,(2001)
814,(2001)
815,(2001)
816,(2001)
817,(2001)
818,(2001)
819,(2001)
820,(2001)
821,(2001)
822,(2001)
823,(2001)
824,(2001)
825,(2001)
826,(2001)
827,(2001)
828,(2001)
829,(2001)
830,(2001)
831,(2001)
832,(2001)
833,(2001)
834,(2001)
835,(2001)
836,(2001)
837,(2001)
838,(2001)
839,(2001)
840,(2001)
841,(2001)
842,(2001)
843,(2001)
844,(2001)
845,(2001)
846,(2001)
847,(2001)
848,(2001)
849,(2001)
850,(2001)
851,(2001)
852,(2001)
853,(2001)
854,(2001)
855,(2001)
856,(2001)
857,(2001)
858,(2001)
859,(2001)
860,(2001)
861,(2001)
862,(2001)
863,(2001)
864,(2001)
865,(2001)
866,(2001)
867,(2001)
868,(2001)
869,(2001)
870,(2001)
871,(2001)
872,(2001)
873,(2001)
874,(2001)
875,(2001)
876,(2001)
877,(2001)
878,(2001)
879,(2001)
880,(2001)
881,(2001)
882,(2001)
883,(2001)
884,(2001)
885,(2001)
886,(2001)
887,(2001)
888,(2001)
889,(2001)
890,(2001)
891,(2001)
892,(2001)
893,(2001)
894,(2001)
895,(2001)
896,(2001)
897,(2001)
898,(2001)
899,(2001)
900,(2001)
901,(2001)
902,(2001)
903,(2001)
904,(2001)
905,(2001)
906,(2001)
907,(2001)
908,(2001)
909,(2001)
910,(2001)
911,(2001)
912,(2001)
913,(2001)
914,(2001)
915,(2001)
916,(2001)
917,(2001)
918,(2001)
919,(2001)
920,(2001)
921,(2001)
922,(2001)
923,(2001)
924,(2001)
925,(2001)
926,(2001)
927,(2001)
928,(2001)
929,(2001)
930,(2001)
931,(2001)
932,(2001)
933,(2001)
934,(2001)
935,(2001)
936,(2001)
937,(2001)
938,(2001)
939,(2001)
940,(2001)
941,(2001)
942,(2001)
943,(2001)
944,(2001)
945,(2001)
946,(2001)
947,(2001)
948,(2001)
949,(2001)
950,(2001)
951,(2001)
952,(2001)
953,(2001)
954,(2001)
955,(2001)
956,(2001)
957,(2001)
958,(2001)
959,(2001)
960,(2001)
961,(2001)
962,(2001)
963,(2001)
964,(2001)
965,(2001)
966,(2001)
967,(2001)
968,(2001)
969,(2001)
970,(2001)
971,(2001)
972,(2001)
973,(2001)
974,(2001)
975,(2001)
976,(2001)
977,(2001)
978,(2001)
979,(I) (2001)
980,(2001)
981,(2001)
982,(2001)
983,(2001)
984,(2001)
985,(2001)
986,(2001)
987,(2001)
988,(2001)
989,(2001)
990,(2001)
991,(2001)
992,(2001)
993,(2001)
994,(2001)
995,(2001)
996,(2001)
997,(2001)
998,(2001)
999,(2001)
1000,(2001)
1001,(2001)
1002,(2001)
1003,(2001)
1004,(2001)
1005,(2001)
1006,(2001)
1007,(2001)
1008,(2001)
1009,(2001)
1010,(2001)
1011,(2001)
1012,(2001)
1013,(2001)
1014,(2001)
1015,(2001)
1016,(2001)
1017,(2001)
1018,(2001)
1019,(2001)
1020,(2001)
1021,(2001)
1022,(2001)
1023,(2001)
1024,(2001)
1025,(2001)
1026,(2001)
1027,(2001)
1028,(2001)
1029,(2001)
1030,(2001)
1031,(2001)
1032,(2001)
1033,(2001)
1034,(2001)
1035,(2001)
1036,(2001)
1037,(2001)
1038,(2001)
1039,(2001)
1040,(2001)
1041,(2001)
1042,(2001)
1043,(2001)
1044,(2001)
1045,(2001)
1046,(2001)
1047,(2001)
1048,(2001)
1049,(2001)
1050,(2001)
1051,(2001)
1052,(2001)
1053,(2001)
1054,(2001)
1055,(2001)
1056,(2001)
1057,(2001)
1058,(2001)
1059,(2001)
1060,(2001)
1061,(2001)
1062,(2001)
1063,(2001)
1064,(2001)
1065,(2001)
1066,(2001)
1067,(2001)
1068,(2001)
1069,(2001)
1070,(2001)
1071,(2001)
1072,(2001)
1073,(2001)
1074,(2001)
1075,(2001)
1076,(2001)
1077,(2001)
1078,(2001)
1079,(2001)
1080,(2001)
1081,(2001)
1082,(2001)
1083,(2001)
1084,(2001)
1085,(2001)
1086,(2001)
1087,(2001)
1088,(2001)
1089,(2001)
1090,(2001)
1091,(2001)
1092,(2001)
1093,(2001)
1094,(2001)
1095,(2001)
1096,(2001)
1097,(2001)
1098,(2001)
1099,(2001)
1100,(2001)
1101,(2001)
1102,(2001)
1103,(2001)
1104,(2001)
1105,(2001)
1106,(2001)
1107,(2001)
1108,(2001)
1109,(2001)
1110,(2001)
1111,(2001)
1112,(2001)
1113,(2001)
1114,(2001)
1115,(2001)
1116,(2001)
1117,(2001)
1118,(2001)
1119,(2001)
1120,(2001)
1121,(2001)
1122,(2001)
1123,(2001)
1124,(2001)
1125,(2001)
1126,(2001)
1127,(2001)
1128,(2001)
1129,(2001)
1130,(2001)
1131,(2001)
1132,(2001)
1133,(2001)
1134,(2001)
1135,(2001)
1136,(2001)
1137,(2001)
1138,(2001)
1139,(2001)
1140,(2001)
1141,(2001)
1142,(2001)
1143,(2001)
1144,(2001)
1145,(2001)
1146,(2001)
1147,(2001)
1148,(2001)
1149,(2001)
1150,(2001)
1151,(2001)
1152,(2001)
1153,(2001)
1154,(2001)
1155,(2001)
1156,(2001)
1157,(2001)
1158,(2001)
1159,(2001)
1160,(2001)
1161,(2001)
1162,(2001)
1163,(2001)
1164,(2001)
1165,(2001)
1166,(2001)
1167,(2001)
1168,(2001)
1169,(2001)
1170,(2001)
1171,(2001)
1172,(2001)
1173,(2001)
1174,(2001)
1175,(2001)
1176,(2001)
1177,(2001)
1178,(2001)
1179,(2001)
1180,(2001)
1181,(2001)
1182,(2001)
1183,(2001)
1184,(2001)
1185,(2001)
1186,(2001)
1187,(2001)
1188,(2001)
1189,(2001)
1190,(2001)
1191,(2001)
1192,(2001)
1193,(2001)
1194,(2001)
1195,(2001)
1196,(2001)
1197,(2001)
1198,(2001)
1199,(2001)
1200,(2001)
1201,(2001)
1202,(2001)
1203,(2001)
1204,(2001)
1205,(2001)
1206,(2001)
1207,(2001)
1208,(2001)
1209,(2001)
1210,(2001)
1211,(2001)
1212,(2001)
1213,(2001)
1214,(2001)
1215,(2001)
1216,(2001)
1217,(2001)
1218,(2001)
1219,(2001)
1220,(2001)
1221,(2001)
1222,(2001)
1223,(2001)
1224,(2001)
1225,(2001)
1226,(2001)
1227,(2001)
1228,(2001)
1229,(2001)
1230,(2001)
1231,(2001)
1232,(2001)
1233,(2001)
1234,(2001)
1235,(2001)
1236,(2001)
1237,(2001)
1238,(2001)
1239,(2001)
1240,(2001)
1241,(2001)
1242,(2001)
1243,(2001)
1244,(2001)
1245,(2001)
1246,(2001)
1247,(2001)
1248,(2001)
1249,(2001)
1250,(2001)
1251,(2001)
1252,(2001)
1253,(2001)
1254,(2001)
1255,(2001)
1256,(2001)
1257,(2001)
1258,(2001)
1259,(2001)
1260,(2001)
1261,(2001)
1262,(2001)
1263,(II) (2001)
1264,(I) (2001)
1265,(2001)
1266,(2001)
1267,(2001)
1268,(2001)
1269,(2001)
1270,(2001)
1271,(2001)
1272,(2001)
1273,(2001)
1274,(2001)
1275,(2001)
1276,(2001)
1277,(2001)
1278,(III) (2001)
1279,(2001)
1280,(2001)
1281,(2001)
1282,(2001)
1283,(2001)
1284,(2001)
1285,(2001)
1286,(2001)
1287,(2001)
1288,(2001)
1289,(2001)
1290,(2001)
1291,(2001)
1292,(2001)
1293,(2001)
1294,(2001)
1295,(2001)
1296,(2001)
1297,(2001)
1298,(2001)
1299,(2001)
1300,(2001)
1301,(2001)
1302,(2001)
1303,(2001)
1304,(2001)
1305,(2001)
1306,(2001)
1307,(2001)
1308,(2001)
1309,(2001)
1310,(2001)
1311,(2001)
1312,(2001)
1313,(2001)
1314,(2001)
1315,(2001)
1316,(2001)
1317,(2001)
1318,(2001)
1319,(2001)
1320,(2001)
1321,(2001)
1322,(2001)
1323,(2001)
1324,(2001)
1325,(2001)
1326,(2001)
1327,(2001)
1328,(2001)
1329,(2001)
1330,(2001)
1331,(2001)
1332,(2001)
1333,(2001)
1334,(2001)
1335,(2001)
1336,(2001)
1337,(2001)
1338,(2001)
1339,(2001)
1340,(2001)
1341,(II) (2001)
1342,(2001)
1343,(2001)
1344,(2001)
1345,(2001)
1346,(2001)
1347,(2001)
1348,(2001)
1349,(2001)
1350,(2001)
1351,(2001)
1352,(2001)
1353,(2001)
1354,(2001)
1355,(2001)
1356,(2001)
1357,(2001)
1358,(2001)
1359,(2001)
1360,(2001)
1361,(2001)
1362,(2001)
1363,(2001)
1364,(2001)
1365,(2001)
1366,(2001)
1367,(2001)
1368,(2001)
1369,(2001)
1370,(2001)
1371,(2001)
1372,(2001)
1373,(2001)
1374,(2001)
1375,(2001)
1376,(2001)
1377,(2001)
1378,(2001)
1379,(2001)
1380,(2001)
1381,(2001)
1382,(2001)
1383,(2001)
1384,(2001)
1385,(2001)
1386,(2001)
1387,(2001)
1388,(2001)
1389,(2001)
1390,(2001)
1391,(2001)
1392,(2001)
1393,(2001)
1394,(2001)
1395,(2001)
1396,(2001)
1397,(2001)
1398,(2001)
1399,(2001)
1400,(2001)
1401,(2001)
1402,(2001)
1403,(2001)
1404,(2001)
1405,(2001)
1406,(2001)
1407,(2001)
1408,(2001)
1409,(2001)
1410,(2001)
1411,(2001)
1412,(2001)
1413,(2001)
1414,(2001)
1415,(2001)
1416,(2001)
1417,(2001)
1418,(2001)
1419,(2001)
1420,(2001)
1421,(2001)
1422,(2001)
1423,(2001)
1424,(I) (2001)
1425,(2001)
1426,(2001)
1427,(2001)
1428,(2001)
1429,(2001)
1430,(2001)
1431,(2001)
1432,(2001)
1433,(2001)
1434,(2001)
1435,(2001)
1436,(2001)
1437,(2001)
1438,(2001)
1439,(2001)
1440,(2001)
1441,(2001)
1442,(2001)
1443,(2001)
1444,(2001)
1445,(2001)
1446,(2001)
1447,(2001)
1448,(2001)
1449,(2001)
1450,(2001)
1451,(2001)
1452,(2001)
1453,(2001)
1454,(2001)
1455,(2001)
1456,(2001)
1457,(2001)
1458,(2001)
1459,(2001)
1460,(2001)
1461,(2001)
1462,(2001)
1463,(2001)
1464,(2001)
1465,(2001)
1466,(2001)
1467,(2001)
1468,(2001)
1469,(2001)
1470,(2001)
1471,(2001)
1472,(2001)
1473,(2001)
1474,(2001)
1475,(2001)
1476,(2001)
1477,(2001)
1478,(2001)
1479,(2001)
1480,(2001)
1481,(2001)
1482,(2001)
1483,(2001)
1484,(2001)
1485,(2001)
1486,(I) (2001)
1487,(2001)
1488,(2001)
1489,(2001)
1490,(I) (2001)
1491,(2001)
1492,(2001)
1493,(2001)
1494,(2001)
1495,(2001)
1496,(2001)
1497,(2001)
1498,(2001)
1499,(2001)
1500,(2001)
1501,(2001)
1502,(I) (2001)
1503,(2001)
1504,(2001)
1505,(2001)
1506,(2001)
1507,(2001)
1508,(2001)
1509,(2001)
1510,(2001)
1511,(2001)
1512,(2001)
1513,(2001)
1514,(2001)
1515,(2001)
1516,(2001)
1517,(2001)
1518,(2001)
1519,(2001)
1520,(2001)
1521,(2001)
1522,(2001)
1523,(2001)
1524,(2001)
1525,(2001)
1526,(2001)
1527,(2001)
1528,(2001)
1529,(2001)
1530,(2001)
1531,(2001)
1532,(2001)
1533,(2001)
1534,(2001)
1535,(2001)
1536,(2001)
1537,(2001)
1538,(2001)
1539,(2001)
1540,(2001)
1541,(2001)
1542,(2001)
1543,(2001)
1544,(2001)
1545,(2001)
1546,(2001)
1547,(2001)
1548,(2001)
1549,(2001)
1550,(2001)
1551,(2001)
1552,(2001)
1553,(2001)
1554,(2001)
1555,(2001)
1556,(2001)
1557,(2001)
1558,(2001)
1559,(2001)
1560,(2001)
1561,(2001)
1562,(2001)
1563,(2001)
1564,(2001)
1565,(2001)
1566,(2001)
1567,(2001)
1568,(2001)
1569,(2001)
1570,(2001)
1571,(2001)
1572,(2001)
1573,(2001)
1574,(2001)
1575,(2001)
1576,(2001)
1577,(2001)
1578,(2001)
1579,(2001)
1580,(2001)
1581,(2001)
1582,(2001)
1583,(2001)
1584,(2001)
1585,(2001)
1586,(2001)
1587,(2001)
1588,(2001)
1589,(2001)
1590,(2001)
1591,(2001)
1592,(2001)
1593,(2001)
1594,(2001)
1595,(2001)
1596,(2001)
1597,(2001)
1598,(2001)
1599,(2001)
1600,(2001)
1601,(2001)
1602,(I) (2001)
1603,(2001)
1604,(2001)
1605,(2001)
1606,(2001)
1607,(2001)
1608,(2001)
1609,(2001)
1610,(2001)
1611,(2001)
1612,(2001)
1613,(2001)
1614,(2001)
1615,(2001)
1616,(2001)
1617,(2001)
1618,(2001)
1619,(2001)
1620,(2001)
1621,(2001)
1622,(2001)
1623,(2001)
1624,(2001)
1625,(2001)
1626,(2001)
1627,(2001)
1628,(2001)
1629,(2001)
1630,(2001)
1631,(2001)
1632,(2001)
1633,(2001)
1634,(2001)
1635,(2001)
1636,(2001)
1637,(2001)
1638,(2001)
1639,(2001)
1640,(2001)
1641,(2001)
1642,(2001)
1643,(2001)
1644,(2001)
1645,(2001)
1646,(2001)
1647,(2001)
1648,(2001)
1649,(2001)
1650,(2001)
1651,(2001)
1652,(2001)
1653,(2001)
1654,(2001)
1655,(2001)
1656,(2001)
1657,(2001)
1658,(2001)
1659,(2001)
1660,(2001)
1661,(2001)
1662,(2001)
1663,(2001)
1664,(2001)
1665,(2001)
1666,(2001)
1667,(2001)
1668,(2001)
1669,(2001)
1670,(2001)
1671,(2001)
1672,(2001)
1673,(2001)
1674,(2001)
1675,(2001)
1676,(2001)
1677,(2001)
1678,(2001)
1679,(2001)
1680,(2001)
1681,(2001)
1682,(2001)
1683,(2001)
1684,(2001)
1685,(2001)
1686,(2001)
1687,(2001)
1688,(2001)
1689,(2001)
1690,(2001)
1691,(2001)
1692,(2001)
1693,(2001)
1694,(2001)
1695,(2001)
1696,(2001)
1697,(2001)
1698,(2001)
1699,(2001)
1700,(2001)
1701,(2001)
1702,(2001)
1703,(2001)
1704,(2001)
1705,(2001)
1706,(2001)
1707,(2001)
1708,(2001)
1709,(2001)
1710,(2001)
1711,(2001)
1712,(2001)
1713,(2001)
1714,(2001)
1715,(2001)
1716,(2001)
1717,(2001)
1718,(2001)
1719,(2001)
1720,(2001)
1721,(2001)
1722,(2001)
1723,(2001)
1724,(2001)
1725,(2001)
1726,(2001)
1727,(2001)
1728,(2001)
1729,(2001)
1730,(2001)
1731,(2001)
1732,(2001)
1733,(2001)
1734,(2001)
1735,(2001)
1736,(2001)
1737,(2001)
1738,(2001)
1739,(2001)
1740,(2001)
1741,(2001)
1742,(2001)
1743,(2001)
1744,(2001)
1745,(2001)
1746,(2001)
1747,(2001)
1748,(2001)
1749,(2001)
1750,(2001)
1751,(2001)
1752,(I) (2001)
1753,(2001)
1754,(2001)
1755,(2001)
1756,(2001)
1757,(2001)
1758,(2001)
1759,(2001)
1760,(2001)
1761,(2001)
1762,(2001)
1763,(2001)
1764,(2001)
1765,(2001)
1766,(I) (2001)
1767,(2001)
1768,(2001)
1769,(2001)
1770,(2001)
1771,(2001)
1772,(2001)
1773,(2001)
1774,(2001)
1775,(2001)
1776,(2001)
1777,(II) (2001)
1778,(2001)
1779,(2001)
1780,(2001)
1781,(2001)
1782,(2001)
1783,(2001)
1784,(2001)
1785,(2001)
1786,(2001)
1787,(2001)
1788,(2001)
1789,(2001)
1790,(2001)
1791,(2001)
1792,(2001)
1793,(2001)
1794,(2001)
1795,(2001)
1796,(2001)
1797,(2001)
1798,(2001)
1799,(2001)
1800,(2001)
1801,(2001)
1802,(2001)
1803,(2001)
1804,(2001)
1805,(2001)
1806,(2001)
1807,(2001)
1808,(2001)
1809,(2001)
1810,(2001)
1811,(2001)
1812,(2001)
1813,(2001)
1814,(2001)
1815,(2001)
1816,(2001)
1817,(2001)
1818,(2001)
1819,(2001)
1820,(2001)
1821,(2001)
1822,(2001)
1823,(2001)
1824,(2001)
1825,(2001)
1826,(2001)
1827,(2001)
1828,(2001)
1829,(2001)
1830,(2001)
1831,(2001)
1832,(2001)
1833,(2001)
1834,(2001)
1835,(2001)
1836,(2001)
1837,(2001)
1838,(2001)
1839,(2001)
1840,(2001)
1841,(2001)
1842,(2001)
1843,(2001)
1844,(2001)
1845,(II) (2001)
1846,(2001)
1847,(2001)
1848,(2001)
1849,(2001)
1850,(2001)
1851,(2001)
1852,(2001)
1853,(2001)
1854,(2001)
1855,(2001)
1856,(2001)
1857,(2001)
1858,(2001)
1859,(2001)
1860,(2001)
1861,(2001)
1862,(2001)
1863,(2001)
1864,(2001)
1865,(2001)
1866,(2001)
1867,(2001)
1868,(2001)
1869,(2001)
1870,(2001)
1871,(2001)
1872,(2001)
1873,(2001)
1874,(2001)
1875,(2001)
1876,(2001)
1877,(2001)
1878,(2001)
1879,(2001)
1880,(2001)
1881,(2001)
1882,(2001)
1883,(2001)
1884,(2001)
1885,(2001)
1886,(2001)
1887,(2001)
1888,(2001)
1889,(2001)
1890,(2001)
1891,(2001)
1892,(2001)
1893,(2001)
1894,(2001)
1895,(2001)
1896,(2001)
1897,(2001)
1898,(2001)
1899,(2001)
1900,(2001)
1901,(2001)
1902,(2001)
1903,(2001)
1904,(2001)
1905,(2001)
1906,(2001)
1907,(2001)
1908,(2001)
1909,(2001)
1910,(2001)
1911,(2001)
1912,(2001)
1913,(2001)
1914,(2001)
1915,(2001)
1916,(2001)
1917,(2001)
1918,(2001)
1919,(2001)
1920,(2001)
1921,(2001)
1922,(2001)
1923,(2001)
1924,(2001)
1925,(2001)
1926,(2001)
1927,(2001)
1928,(2001)
1929,(2001)
1930,(2001)
1931,(2001)
1932,(2001)
1933,(2001)
1934,(2001)
1935,(2001)
1936,(2001)
1937,(2001)
1938,(II) (2001)
1939,(2001)
1940,(2001)
1941,(2001)
1942,(2001)
1943,(2001)
1944,(2001)
1945,(2001)
1946,(2001)
1947,(2001)
1948,(2001)
1949,(2001)
1950,(2001)
1951,(2001)
1952,(2001)
1953,(2001)
1954,(I) (2001)
1955,(2001)
1956,(2001)
1957,(2001)
1958,(2001)
1959,(2001)
1960,(2001)
1961,(2001)
1962,(2001)
1963,(2001)
1964,(2001)
1965,(2001)
1966,(2001)
1967,(2001)
1968,(2001)
1969,(2001)
1970,(2001)
1971,(2001)
1972,(2001)
1973,(2001)
1974,(2001)
1975,(2001)
1976,(2001)
1977,(2001)
1978,(2001)
1979,(2001)
1980,(2001)
1981,(2001)
1982,(2001)
1983,(2001)
1984,(2001)
1985,(2001)
1986,(2001)
1987,(2001)
1988,(2001)
1989,(2001)
1990,(2001)
1991,(2001)
1992,(2001)
1993,(2001)
1994,(2001)
1995,(2001)
1996,(2001)
1997,(II) (2001)
1998,(I) (2001)
1999,(2001)
2000,(2001)
2001,(II) (2001)
2002,(2001)
2003,(2001)
2004,(2001)
2005,(2001)
2006,(2001)
2007,(I) (2001)
2008,(2001)
2009,(2001)
2010,(2001)
2011,(2001)
2012,(2001)
2013,(I) (2001)
2014,(2001)
2015,(2001)
2016,(2001)
2017,(2001)
2018,(I) (2001)
2019,(2001)
2020,(2001)
2021,(2001)
2022,(III) (2001)
2023,(2001)
2024,(2001)
2025,(2001)
2026,(2001)
2027,(2001)
2028,(2001)
2029,(2001)
2030,(2001)
2031,(2001)
2032,(2001)
2033,(2001)
2034,(2001)
2035,(2001)
2036,(2001)
2037,(I) (2001)
2038,(2001)
2039,(2001)
2040,(2001)
2041,(2001)
2042,(2001)
2043,(2001)
2044,(2001)
2045,(2001)
2046,(2001)
2047,(2001)
2048,(2001)
2049,(2001)
2050,(2001)
2051,(2001)
2052,(2001)
2053,(II) (2001)
2054,(2001)
2055,(2001)
2056,(2001)
2057,(2001)
2058,(2001)
2059,(2001)
2060,(2001)
2061,(2001)
2062,(2001)
2063,(2001)
2064,(2001)
2065,(2001)
2066,(2001)
2067,(2001)
2068,(2001)
2069,(2001)
2070,(2001)
2071,(2001)
2072,(2001)
2073,(2001)
2074,(2001)
2075,(2001)
2076,(2001)
2077,(2001)
2078,(2001)
2079,(2001)
2080,(2001)
2081,(2001)
2082,(2001)
2083,(2001)
2084,(2001)
2085,(2001)
2086,(2001)
2087,(2001)
2088,(2001)
2089,(2001)
2090,(2001)
2091,(2001)
2092,(2001)
2093,(2001)
2094,(2001)
2095,(2001)
2096,(2001)
2097,(2001)
2098,(2001)
2099,(2001)
2100,(2001)
2101,(2001)
2102,(2001)
2103,(2001)
2104,(2001)
2105,(2001)
2106,(2001)
2107,(2001)
2108,(2001)
2109,(2001)
2110,(2001)
2111,(2001)
2112,(2001)
2113,(2001)
2114,(2001)
2115,(2001)
2116,(2001)
2117,(2001)
2118,(2001)
2119,(2001)
2120,(2001)
2121,(2001)
2122,(2001)
2123,(2001)
2124,(2001)
2125,(2001)
2126,(2001)
2127,(2001)
2128,(2001)
2129,(2001)
2130,(2001)
2131,(2001)
2132,(2001)
2133,(2001)
2134,(2001)
2135,(2001)
2136,(2001)
2137,(2001)
2138,(2001)
2139,(2001)
2140,(2001)
2141,(2001)
2142,(2001)
2143,(2001)
2144,(2001)
2145,(2001)
2146,(2001)
2147,(2001)
2148,(2001)
2149,(2001)
2150,(2001)
2151,(2001)
2152,(I) (2001)
2153,(2001)
2154,(2001)
2155,(2001)
2156,(2001)
2157,(2001)
2158,(2001)
2159,(2001)
2160,(2001)
2161,(2001)
2162,(2001)
2163,(2001)
2164,(2001)
2165,(2001)
2166,(2001)
2167,(2001)
2168,(2001)
2169,(2001)
2170,(2001)
2171,(2001)
2172,(2001)
2173,(2001)
2174,(2001)
2175,(2001)
2176,(2001)
2177,(2001)
2178,(2001)
2179,(2001)
2180,(I) (2001)
2181,(2001)
2182,(2001)
2183,(2001)
2184,(2001)
2185,(2001)
2186,(2001)
2187,(2001)
2188,(2001)
2189,(2001)
2190,(2001)
2191,(2001)
2192,(2001)
2193,(2001)
2194,(2001)
2195,(2001)
2196,(2001)
2197,(2001)
2198,(2001)
2199,(2001)
2200,(2001)
2201,(2001)
2202,(2001)
2203,(2001)
2204,(2001)
2205,(2001)
2206,(2001)
2207,(2001)
2208,(2001)
2209,(2001)
2210,(2001)
2211,(2001)
2212,(2001)
2213,(2001)
2214,(2001)
2215,(2001)
2216,(2001)
2217,(2001)
2218,(2001)
2219,(2001)
2220,(2001)
2221,(2001)
2222,(2001)
2223,(2001)
2224,(2001)
2225,(2001)
2226,(2001)
2227,(2001)
2228,(2001)
2229,(2001)
2230,(2001)
2231,(2001)
2232,(2001)
2233,(2001)
2234,(2001)
2235,(2001)
2236,(2001)
2237,(2001)
2238,(2001)
2239,(2001)
2240,(2001)
2241,(2001)
2242,(2001)
2243,(2001)
2244,(2001)
2245,(2001)
2246,(2001)
2247,(I) (2001)
2248,(2001)
2249,(2001)
2250,(2001)
2251,(II) (2001)
2252,(2001)
2253,(2001)
2254,(2001)
2255,(2001)
2256,(2001)
2257,(2001)
2258,(2001)
2259,(2001)
2260,(2001)
2261,(2001)
2262,(2001)
2263,(2001)
2264,(2001)
2265,(2001)
2266,(2001)
2267,(2001)
2268,(2001)
2269,(2001)
2270,(2001)
2271,(2001)
2272,(2001)
2273,(2001)
2274,(2001)
2275,(2001)
2276,(2001)
2277,(2001)
2278,(2001)
2279,(2001)
2280,(2001)
2281,(2001)
2282,(2001)
2283,(2001)
2284,(2001)
2285,(2001)
2286,(2001)
2287,(2001)
2288,(2001)
2289,(2001)
2290,(2001)
2291,(2001)
2292,(2001)
2293,(2001)
2294,(2001)
2295,(2001)
2296,(2001)
2297,(2001)
2298,(2001)
2299,(2001)
2300,(2001)
2301,(2001)
2302,(2001)
2303,(2001)
2304,(2001)
2305,(2001)
2306,(2001)
2307,(2001)
2308,(2001)
2309,(2001)
2310,(2001)
2311,(2001)
2312,(2001)
2313,(2001)
2314,(2001)
2315,(2001)
2316,(2001)
2317,(2002)
2318,(2001)
2319,(2001)
2320,(2001)
2321,(2001)
2322,(2001)
2323,(2001)
2324,(2001)
2325,(2001)
2326,(2001)
2327,(2001)
2328,(2001)
2329,(2001)
2330,(2001)
2331,(2001)
2332,(II) (2001)
2333,(2001)
2334,(2001)
2335,(2001)
2336,(2001)
2337,(2001)
2338,(2001)
2339,(2001)
2340,(2001)
2341,(2001)
2342,(2001)
2343,(2001)
2344,(2001)
2345,(2001)
2346,(2001)
2347,(2001)
2348,(2001)
2349,(2001)
2350,(2001)
2351,(2001)
2352,(2001)
2353,(2001)
2354,(2001)
2355,(2001)
2356,(2001)
2357,(2001)
2358,(2001)
2359,(2001)
2360,(2001)
2361,(2001)
2362,(2002)
2363,(2001)
2364,(2001)
2365,(2001)
2366,(2001)
2367,(2001)
2368,(2001)
2369,(2001)
2370,(2001)
2371,(2001)
2372,(2001)
2373,(2001)
2374,(2001)
2375,(2001)
2376,(2001)
2377,(2001)
2378,(2001)
2379,(2001)
2380,(2001)
2381,(2001)
2382,(2001)
2383,(2001)
2384,(2001)
2385,(2001)
2386,(2001)
2387,(2001)
2388,(2001)
2389,(2001)
2390,(2001)
2391,(2001)
2392,(2001)
2393,(2001)
2394,(2001)
2395,(2001)
2396,(2001)
2397,(2001)
2398,(2001)
2399,(2001)
2400,(2001)
2401,(I) (2001)
2402,(2001)
2403,(2001)
2404,(2001)
2405,(2001)
2406,(2001)
2407,(2001)
2408,(2001)
2409,(2001)
2410,(2001)
2411,(2001)
2412,(2001)
2413,(2001)
2414,(2001)
2415,(2001)
2416,(2001)
2417,(2001)
2418,(2001)
2419,(2001)
2420,(2001)
2421,(2001)
2422,(2001)
2423,(2001)
2424,(2001)
2425,(2001)
2426,(2001)
2427,(2001)
2428,(2001)
2429,(2001)
2430,(2001)
2431,(2001)
2432,(2001)
2433,(2001)
2434,(2001)
2435,(2001)
2436,(2001)
2437,(2001)
2438,(2001)
2439,(2001)
2440,(2001)
2441,(2001)
2442,(2001)
2443,(2001)
2444,(2001)
2445,(2001)
2446,(2001)
2447,(2001)
2448,(2001)
2449,(2001)
2450,(2001)
2451,(2001)
2452,(2001)
2453,(2001)
2454,(2001)
2455,(2001)
2456,(2001)
2457,(2001)
2458,(2001)
2459,(2001)
2460,(2001)
2461,(I) (2001)
2462,(2001)
2463,(2001)
2464,(2001)
2465,(2001)
2466,(2001)
2467,(2001)
2468,(2001)
2469,(2001)
2470,(2001)
2471,(2001)
2472,(2001)
2473,(2001)
2474,(2001)
2475,(2001)
2476,(2001)
2477,(2001)
2478,(I) (2001)
2479,(2001)
2480,(2001)
2481,(2001)
2482,(2001)
2483,(2001)
2484,(2001)
2485,(2001)
2486,(2001)
2487,(2001)
2488,(2001)
2489,(2001)
2490,(2001)
2491,(2001)
2492,(2001)
2493,(2001)
2494,(2001)
2495,(2001)
2496,(2001)
2497,(2001)
2498,(2001)
2499,(2001)
2500,(2001)
2501,(2001)
2502,(2001)
2503,(2001)
2504,(2001)
2505,(2001)
2506,(2001)
2507,(2001)
2508,(2001)
2509,(2001)
2510,(2001)
2511,(2001)
2512,(2001)
2513,(2001)
2514,(2001)
2515,(2001)
2516,(2001)
2517,(2001)
2518,(2001)
2519,(2001)
2520,(2001)
2521,(2001)
2522,(2001)
2523,(2001)
2524,(2001)
2525,(2001)
2526,(2001)
2527,(2001)
2528,(2001)
2529,(2001)
2530,(2001)
2531,(2001)
2532,(2001)
2533,(2001)
2534,(2001)
2535,(2001)
2536,(2001)
2537,(2001)
2538,(2001)
2539,(2001)
2540,(2001)
2541,(2001)
2542,(2001)
2543,(2001)
2544,(2001)
2545,(2001)
2546,(2001)
2547,(2001)
2548,(2001)
2549,(2001)
2550,(2001)
2551,(2001)
2552,(2001)
2553,(2001)
2554,(2001)
2555,(2001)
2556,(2001)
2557,(2001)
2558,(2001)
2559,(2001)
2560,(2001)
2561,(2001)
2562,(2001)
2563,(2001)
2564,(2001)
2565,(2001)
2566,(2001)
2567,(2001)
2568,(2001)
2569,(2001)
2570,(2001)
2571,(2001)
2572,(2001)
2573,(2001)
2574,(2001)
2575,(2001)
2576,(2001)
2577,(2001)
2578,(2001)
2579,(2001)
2580,(2001)
2581,(2001)
2582,(2001)
2583,(II) (2001)
2584,(2001)
2585,(2001)
2586,(2001)
2587,(2001)
2588,(II) (2001)
2589,(2001)
2590,(2001)
2591,(2001)
2592,(2001)
2593,(2001)
2594,(2001)
2595,(2001)
2596,(2001)
2597,(2001)
2598,(2001)
2599,(2001)
2600,(2001)
2601,(2001)
2602,(2001)
2603,(2001)
2604,(2001)
2605,(2001)
2606,(2001)
2607,(2001)
2608,(2001)
2609,(2001)
2610,(2001)
2611,(2001)
2612,(2001)
2613,(2001)
2614,(2001)
2615,(2001)
2616,(2001)
2617,(2001)
2618,(2001)
2619,(2001)
2620,(2001)
2621,(2001)
2622,(2001)
2623,(2001)
2624,(2001)
2625,(2001)
2626,(2001)
2627,(2001)
2628,(2001)
2629,(2001)
2630,(2001)
2631,(I) (2001)
2632,(2001)
2633,(2001)
2634,(2001)
2635,(2001)
2636,(2001)
2637,(2001)
2638,(2001)
2639,(2001)
2640,(2001)
2641,(2001)
2642,(2001)
2643,(2001)
2644,(2001)
2645,(2001)
2646,(2001)
2647,(2001)
2648,(2002)
2649,(2001)
2650,(2001)
2651,(2001)
2652,(2001)
2653,(2001)
2654,(2001)
2655,(2001)
2656,(2001)
2657,(2001)
2658,(2001)
2659,(2001)
2660,(2001)
2661,(2001)
2662,(2001)
2663,(2001)
2664,(2001)
2665,(2001)
2666,(2001)
2667,(2001)
2668,(2001)
2669,(2001)
2670,(2001)
2671,(2001)
2672,(2001)
2673,(2001)
2674,(2001)
2675,(2001)
2676,(2001)
2677,(2001)
2678,(2001)
2679,(2001)
2680,(2001)
2681,(2001)
2682,(2001)
2683,(2001)
2684,(2001)
2685,(2001)
2686,(2001)
2687,(2001)
2688,(II) (2001)
2689,(2001)
2690,(2001)
2691,(2001)
2692,(2001)
2693,(2001)
2694,(2001)
2695,(II) (2001)
2696,(2001)
2697,(2001)
2698,(2001)
2699,(2001)
2700,(2001)
2701,(2001)
2702,(2001)
2703,(2001)
2704,(2001)
2705,(2001)
2706,(2001)
2707,(2001)
2708,(2001)
2709,(2001)
2710,(2001)
2711,(2001)
2712,(2001)
2713,(2001)
2714,(2001)
2715,(2001)
2716,(2001)
2717,(2001)
2718,(2001)
2719,(2001)
2720,(2002)
2721,(2001)
2722,(2001)
2723,(2001)
2724,(2001)
2725,(2001)
2726,(2001)
2727,(2001)
2728,(2001)
2729,(2001)
2730,(2001)
2731,(2001)
2732,(2001)
2733,(2001)
2734,(2001)
2735,(2001)
2736,(2001)
2737,(2001)
2738,(2001)
2739,(2001)
2740,(2001)
2741,(2001)
2742,(2001)
2743,(2001)
2744,(2001)
2745,(2001)
2746,(2001)
2747,(2001)
2748,(2001)
2749,(2001)
2750,(2001)
2751,(2001)
2752,(2001)
2753,(2001)
2754,(2001)
2755,(2001)
2756,(2001)
2757,(2001)
2758,(2001)
2759,(2001)
2760,(2001)
2761,(2001)
2762,(2001)
2763,(2001)
2764,(2001)
2765,(2001)
2766,(2001)
2767,(2001)
2768,(2001)
2769,(2001)
2770,(2001)
2771,(2001)
2772,(2001)
2773,(2001)
2774,(2001)
2775,(2001)
2776,(2001)
2777,(2001)
2778,(2001)
2779,(2001)
2780,(2001)
2781,(2001)
2782,(2001)
2783,(2001)
2784,(2001)
2785,(2001)
2786,(2001)
2787,(2001)
2788,(2001)
2789,(2001)
2790,(2001)
2791,(2001)
2792,(2001)
2793,(2001)
2794,(2001)
2795,(2001)
2796,(2001)
2797,(2001)
2798,(2001)
2799,(2001)
2800,(2001)
2801,(2001)
2802,(2001)
2803,(2001)
2804,(2001)
2805,(2001)
2806,(2001)
2807,(2001)
2808,(2001)
2809,(2001)
2810,(2001)
2811,(2001)
2812,(2001)
2813,(2001)
2814,(2001)
2815,(2001)
2816,(2001)
2817,(2001)
2818,(2001)
2819,(2001)
2820,(2001)
2821,(2001)
2822,(2001)
2823,(2001)
2824,(2001)
2825,(2001)
2826,(2001)
2827,(2001)
2828,(2001)
2829,(2001)
2830,(2001)
2831,(2001)
2832,(2001)
2833,(2001)
2834,(2001)
2835,(2001)
2836,(2001)
2837,(2001)
2838,(2001)
2839,(2001)
2840,(II) (2001)
2841,(2001)
2842,(2001)
2843,(2001)
2844,(2001)
2845,(2001)
2846,(2001)
2847,(2001)
2848,(2001)
2849,(2001)
2850,(2001)
2851,(2001)
2852,(2001)
2853,(2001)
2854,(2001)
2855,(2001)
2856,(2001)
2857,(2001)
2858,(2001)
2859,(2001)
2860,(2001)
2861,(2001)
2862,(2001)
2863,(2001)
2864,(2001)
2865,(2001)
2866,(2001)
2867,(2001)
2868,(2001)
2869,(2001)
2870,(2001)
2871,(2001)
2872,(2001)
2873,(2001)
2874,(2001)
2875,(2001)
2876,(2001)
2877,(2001)
2878,(2001)
2879,(2001)
2880,(2001)
2881,(2001)
2882,(2001)
2883,(2001)
2884,(2001)
2885,(2001)
2886,(2001)
2887,(2001)
2888,(2001)
2889,(2001)
2890,(2001)
2891,(2001)
2892,(2001)
2893,(2001)
2894,(2001)
2895,(2001)
2896,(2001)
2897,(2001)
2898,(2001)
2899,(2001)
2900,(2001)
2901,(2001)
2902,(2001)
2903,(2001)
2904,(2001)
2905,(2001)
2906,(2001)
2907,(2001)
2908,(2001)
2909,(2001)
2910,(2001)
2911,(2001)
2912,(2001)
2913,(2001)
2914,(2001)
2915,(2001)
2916,(2001)
2917,(2001)
2918,(2001)
2919,(2001)
2920,(2001)
2921,(2001)
2922,(2001)
2923,(2001)
2924,(2001)
2925,(2001)
2926,(2001)
2927,(2001)
2928,(2001)
2929,(2001)
2930,(2001)
2931,(2001)
2932,(2001)
2933,(2001)
2934,(2001)
2935,(2001)
2936,(2001)
2937,(2001)
2938,(2001)
2939,(2001)
2940,(2001)
2941,(2001)
2942,(2001)
2943,(2001)
2944,(2001)
2945,(2001)
2946,(2001)
2947,(2001)
2948,(2001)
2949,(2001)
2950,(2001)
2951,(2001)
2952,(II) (2001)
2953,(2001)
2954,(2001)
2955,(2001)
2956,(2001)
2957,(2001)
2958,(2001)
2959,(2001)
2960,(2001)
2961,(2001)
2962,(2001)
2963,(2001)
2964,(2001)
2965,(2001)
2966,(2001)
2967,(2001)
2968,(2001)
2969,(2001)
2970,(2001)
2971,(2001)
2972,(2001)
2973,(2001)
2974,(2001)
2975,(2001)
2976,(2001)
2977,(2001)
2978,(2001)
2979,(2001)
2980,(2001)
2981,(2001)
2982,(2001)
2983,(2001)
2984,(2001)
2985,(2001)
2986,(2001)
2987,(2001)
2988,(2001)
2989,(2001)
2990,(2001)
2991,(2001)
2992,(2001)
2993,(2001)
2994,(2001)
2995,(2001)
2996,(2001)
2997,(2001)
2998,(2001)
2999,(2001)
3000,(2001)
3001,(2001)
3002,(2001)
3003,(2001)
3004,(2001)
3005,(2001)
3006,(I) (2001)
3007,(2001)
3008,(2001)
3009,(2001)
3010,(2001)
3011,(2001)
3012,(2001)
3013,(2001)
3014,(2001)
3015,(2001)
3016,(2001)
3017,(2001)
3018,(2001)
3019,(2001)
3020,(2001)
3021,(2001)
3022,(2001)
3023,(2001)
3024,(2001)
3025,(2001)
3026,(2001)
3027,(2001)
3028,(2001)
3029,(2001)
3030,(2001)
3031,(2001)
3032,(2001)
3033,(2001)
3034,(2001)
3035,(2001)
3036,(2001)
3037,(2001)
3038,(2001)
3039,(2001)
3040,(2001)
3041,(2001)
3042,(2001)
3043,(2001)
3044,(2001)
3045,(2001)
3046,(2001)
3047,(2001)
3048,(2001)
3049,(2001)
3050,(2001)
3051,(2001)
3052,(2001)
3053,(2001)
3054,(2001)
3055,(2001)
3056,(2001)
3057,(2001)
3058,(2001)
3059,(2001)
3060,(2001)
3061,(2001)
3062,(2001)
3063,(2001)
3064,(2001)
3065,(2001)
3066,(2001)
3067,(2001)
3068,(2001)
3069,(2001)
3070,(2001)
3071,(2001)
3072,(2001)
3073,(2001)
3074,(2001)
3075,(2001)
3076,(2001)
3077,(2001)
3078,(2001)
3079,(2001)
3080,(2001)
3081,(2001)
3082,(2001)
3083,(2001)
3084,(2001)
3085,(2001)
3086,(2001)
3087,(2001)
3088,(2001)
3089,(2001)
3090,(2001)
3091,(2001)
3092,(2001)
3093,(2001)
3094,(2001)
3095,(2001)
3096,(2001)
3097,(2001)
3098,(2001)
3099,(2001)
3100,(2001)
3101,(2001)
3102,(2001)
3103,(2001)
3104,(2001)
3105,(2001)
3106,(2001)
3107,(2001)
3108,(2001)
3109,(2001)
3110,(2001)
3111,(2001)
3112,(2001)
3113,(2001)
3114,(2001)
3115,(2001)
3116,(I) (2001)
3117,(2001)
3118,(2001)
3119,(2001)
3120,(2001)
3121,(2001)
3122,(2001)
3123,(2001)
3124,(2001)
3125,(2001)
3126,(2001)
3127,(2001)
3128,(2001)
3129,(2001)
3130,(2001)
3131,(2001)
3132,(2001)
3133,(2001)
3134,(2001)
3135,(2001)
3136,(2001)
3137,(2001)
3138,(2001)
3139,(2001)
3140,(2001)
3141,(2001)
3142,(2001)
3143,(2001)
3144,(2001)
3145,(2001)
3146,(2001)
3147,(2001)
3148,(2001)
3149,(2001)
3150,(2001)
3151,(2001)
3152,(2001)
3153,(2001)
3154,(2001)
3155,(2001)
3156,(2001)
3157,(2001)
3158,(2001)
3159,(2001)
3160,(2001)
3161,(2001)
3162,(2001)
3163,(2001)
3164,(2001)
3165,(2001)
3166,(2001)
3167,(2001)
3168,(2001)
3169,(2001)
3170,(2001)
3171,(2001)
3172,(2001)
3173,(2001)
3174,(2001)
3175,(2001)
3176,(2001)
3177,(2001)
3178,(2001)
3179,(2001)
3180,(2001)
3181,(2001)
3182,(2001)
3183,(2001)
3184,(2001)
3185,(2001)
3186,(2001)
3187,(2001)
3188,(2001)
3189,(2001)
3190,(2001)
3191,(2001)
3192,(2001)
3193,(2001)
3194,(2001)
3195,(2001)
3196,(2001)
3197,(2001)
3198,(2001)
3199,(II) (2001)
3200,(2001)
3201,(2001)
3202,(2001)
3203,(2001)
3204,(2001)
3205,(2001)
3206,(2001)
3207,(2001)
3208,(2001)
3209,(2001)
3210,(2001)
3211,(2001)
3212,(2001)
3213,(2001)
3214,(2001)
3215,(2001)
3216,(2001)
3217,(2001)
3218,(2001)
3219,(2001)
3220,(2001)
3221,(2001)
3222,(2001)
3223,(2001)
3224,(2001)
3225,(2001)
3226,(2001)
3227,(2001)
3228,(2001)
3229,(2001)
3230,(2001)
3231,(2001)
3232,(2001)
3233,(2001)
3234,(2001)
3235,(2001)
3236,(2001)
3237,(2001)
3238,(2001)
3239,(2001)
3240,(2001)
3241,(2001)
3242,(2001)
3243,(2001)
3244,(2001)
3245,(2001)
3246,(2001)
3247,(2001)
3248,(2001)
3249,(2001)
3250,(2001)
3251,(2001)
3252,(2001)
3253,(2001)
3254,(2001)
3255,(2001)
3256,(2001)
3257,(2001)
3258,(2001)
3259,(I) (2001)
3260,(2001)
3261,(2001)
3262,(2001)
3263,(2001)
3264,(2001)
3265,(2001)
3266,(2001)
3267,(2001)
3268,(2001)
3269,(2001)
3270,(2001)
3271,(2001)
3272,(2001)
3273,(2001)
3274,(2001)
3275,(2001)
3276,(2001)
3277,(2001)
3278,(2001)
3279,(2001)
3280,(2001)
3281,(2001)
3282,(2001)
3283,(2001)
3284,(2001)
3285,(2001)
3286,(2001)
3287,(2001)
3288,(2001)
3289,(2001)
3290,(2001)
3291,(2001)
3292,(2001)
3293,(2001)
3294,(2001)
3295,(2001)
3296,(2001)
3297,(2001)
3298,(2001)
3299,(2001)
3300,(2001)
3301,(2001)
3302,(2001)
3303,(2001)
3304,(2001)
3305,(2001)
3306,(I) (2001)
3307,(2001)
3308,(2001)
3309,(2001)
3310,(2001)
3311,(2001)
3312,(2001)
3313,(2001)
3314,(2001)
3315,(2001)
3316,(2001)
3317,(2001)
3318,(2001)
3319,(2001)
3320,(2001)
3321,(2001)
3322,(2001)
3323,(I) (2001)
3324,(2001)
3325,(2001)
3326,(2001)
3327,(2001)
3328,(I) (2001)
3329,(2001)
3330,(2001)
3331,(2001)
3332,(2001)
3333,(2001)
3334,(2001)
3335,(2001)
3336,(2001)
3337,(2001)
3338,(2001)
3339,(2001)
3340,(2001)
3341,(2001)
3342,(2001)
3343,(2001)
3344,(2001)
3345,(2001)
3346,(2001)
3347,(2001)
3348,(2001)
3349,(2001)
3350,(2001)
3351,(2001)
3352,(2001)
3353,(2001)
3354,(2001)
3355,(2001)
3356,(2001)
3357,(2001)
3358,(2001)
3359,(2001)
3360,(2001)
3361,(2001)
3362,(2001)
3363,(2001)
3364,(2001)
3365,(2001)
3366,(2001)
3367,(2001)
3368,(2001)
3369,(2001)
3370,(2001)
3371,(2001)
3372,(2001)
3373,(2001)
3374,(2001)
3375,(2001)
3376,(2001)
3377,(2001)
3378,(2001)
3379,(2001)
3380,(2001)
3381,(2001)
3382,(2001)
3383,(2001)
3384,(2001)
3385,(2001)
3386,(2001)
3387,(2001)
3388,(2001)
3389,(2001)
3390,(2001)
3391,(2001)
3392,(2001)
3393,(2001)
3394,(2001)
3395,(2001)
3396,(2001)
3397,(2001)
3398,(2001)
3399,(2001)
3400,(2001)
3401,(2001)
3402,(2001)
3403,(2001)
3404,(2001)
3405,(2001)
3406,(2001)
3407,(2001)
3408,(2001)
3409,(2001)
3410,(2001)
3411,(2001)
3412,(2001)
3413,(2001)
3414,(2001)
3415,(I) (2001)
3416,(2001)
3417,(2001)
3418,(2001)
3419,(2001)
3420,(2001)
3421,(2001)
3422,(2001)
3423,(2001)
3424,(2001)
3425,(2001)
3426,(2001)
3427,(2001)
3428,(2001)
3429,(2001)
3430,(2001)
3431,(2001)
3432,(2001)
3433,(2001)
3434,(2001)
3435,(2001)
3436,(2001)
3437,(2001)
3438,(2001)
3439,(2001)
3440,(2001)
3441,(2001)
3442,(2001)
3443,(2001)
3444,(2001)
3445,(2001)
3446,(2001)
3447,(2001)
3448,(2001)
3449,(2001)
3450,(2001)
3451,(2001)
3452,(2001)
3453,(2001)
3454,(2001)
3455,(2001)
3456,(2001)
3457,(2001)
3458,(2001)
3459,(2001)
3460,(2001)
3461,(2001)
3462,(2001)
3463,(2001)
3464,(2001)
3465,(2001)
3466,(2001)
3467,(2001)
3468,(2001)
3469,(2001)
3470,(2001)
3471,(2001)
3472,(2001)
3473,(2001)
3474,(2001)
3475,(2001)
3476,(2001)
3477,(2001)
3478,(2001)
3479,(2001)
3480,(2001)
3481,(2001)
3482,(I) (2001)
3483,(2001)
3484,(2001)
3485,(2001)
3486,(2001)
3487,(2001)
3488,(2001)
3489,(2001)
3490,(2001)
3491,(2001)
3492,(2001)
3493,(2001)
3494,(2001)
3495,(2001)
3496,(2001)
3497,(2001)
3498,(2001)
3499,(2001)
3500,(2001)
3501,(2001)
3502,(2001)
3503,(2001)
3504,(2001)
3505,(2001)
3506,(2001)
3507,(2001)
3508,(2001)
3509,(2001)
3510,(2001)
3511,(2001)
3512,(2001)
3513,(2001)
3514,(2001)
3515,(2001)
3516,(2001)
3517,(2001)
3518,(2001)
3519,(2001)
3520,(2001)
3521,(2001)
3522,(2001)
3523,(2001)
3524,(2001)
3525,(2001)
3526,(2001)
3527,(2001)
3528,(2001)
3529,(2001)
3530,(2001)
3531,(2001)
3532,(2001)
3533,(2001)
3534,(2001)
3535,(2001)
3536,(2001)
3537,(2001)
3538,(2001)
3539,(2001)
3540,(2001)
3541,(2001)
3542,(2001)
3543,(2001)
3544,(2001)
3545,(2001)
3546,(2001)
3547,(2001)
3548,(2001)
3549,(2001)
3550,(2001)
3551,(2001)
3552,(2001)
3553,(2001)
3554,(2001)
3555,(2001)
3556,(2001)
3557,(2001)
3558,(2001)
3559,(2001)
3560,(2001)
3561,(2001)
3562,(2001)
3563,(2001)
3564,(2001)
3565,(2001)
3566,(2001)
3567,(2001)
3568,(II) (2001)
3569,(2001)
3570,(2001)
3571,(2001)
3572,(2001)
3573,(2001)
3574,(2001)
3575,(2001)
3576,(2001)
3577,(2001)
3578,(2001)
3579,(2001)
3580,(2001)
3581,(2001)
3582,(2001)
3583,(2001)
3584,(2001)
3585,(2001)
3586,(2001)
3587,(2001)
3588,(2001)
3589,(2001)
3590,(2001)
3591,(2001)
3592,(2001)
3593,(2001)
3594,(2001)
3595,(2001)
3596,(2001)
3597,(2001)
3598,(2001)
3599,(2001)
3600,(2001)
3601,(2001)
3602,(2001)
3603,(2001)
3604,(2001)
3605,(2001)
3606,(2001)
3607,(2001)
3608,(2001)
3609,(2001)
3610,(2001)
3611,(2001)
3612,(2001)
3613,(2001)
3614,(2001)
3615,(2001)
3616,(2001)
3617,(2001)
3618,(2001)
3619,(2001)
3620,(2001)
3621,(2001)
3622,(2001)
3623,(2001)
3624,(2001)
3625,(2001)
3626,(2001)
3627,(2001)
3628,(2001)
3629,(2001)
3630,(2001)
3631,(2001)
3632,(2001)
3633,(2001)
3634,(2001)
3635,(2001)
3636,(2001)
3637,(2001)
3638,(2001)
3639,(2001)
3640,(2001)
3641,(2001)
3642,(2001)
3643,(2001)
3644,(2001)
3645,(2001)
3646,(2001)
3647,(2001)
3648,(2001)
3649,(2001)
3650,(2001)
3651,(2001)
3652,(I) (2001)
3653,(2001)
3654,(2001)
3655,(2001)
3656,(2001)
3657,(2001)
3658,(2001)
3659,(2001)
3660,(2001)
3661,(2001)
3662,(2001)
3663,(2001)
3664,(2001)
3665,(2001)
3666,(2001)
3667,(2001)
3668,(2001)
3669,(2001)
3670,(2001)
3671,(2001)
3672,(2001)
3673,(2001)
3674,(2001)
3675,(2001)
3676,(2001)
3677,(2001)
3678,(2001)
3679,(2001)
3680,(2001)
3681,(2001)
3682,(2001)
3683,(2001)
3684,(2001)
3685,(2001)
3686,(2001)
3687,(2001)
3688,(2001)
3689,(2001)
3690,(2001)
3691,(2001)
3692,(2001)
3693,(2001)
3694,(2001)
3695,(2001)
3696,(2001)
3697,(2001)
3698,(2001)
3699,(2001)
3700,(2001)
3701,(2001)
3702,(2001)
3703,(2001)
3704,(2001)
3705,(2001)
3706,(2001)
3707,(2001)
3708,(2001)
3709,(2001)
3710,(2001)
3711,(2001)
3712,(2001)
3713,(2001)
3714,(2001)
3715,(2001)
3716,(2001)
3717,(2001)
3718,(2001)
3719,(2001)
3720,(2001)
3721,(2001)
3722,(II) (2001)
3723,(2001)
3724,(2001)
3725,(2001)
3726,(2001)
3727,(2001)
3728,(2001)
3729,(2001)
3730,(2001)
3731,(2001)
3732,(2001)
3733,(2001)
3734,(2001)
3735,(2001)
3736,(2001)
3737,(2001)
3738,(2001)
3739,(2001)
3740,(2001)
3741,(2001)
3742,(2001)
3743,(2001)
3744,(2001)
3745,(2001)
3746,(2001)
3747,(2001)
3748,(2001)
3749,(I) (2001)
3750,(2001)
3751,(2001)
3752,(2001)
3753,(2001)
3754,(2001)
3755,(2001)
3756,(2001)
3757,(2001)
3758,(2001)
3759,(2001)
3760,(2001)
3761,(2001)
3762,(2001)
3763,(2001)
3764,(2001)
3765,(2001)
3766,(2001)
3767,(2001)
3768,(2001)
3769,(2001)
3770,(2001)
3771,(2001)
3772,(2001)
3773,(2001)
3774,(2001)
3775,(2001)
3776,(2001)
3777,(2001)
3778,(2001)
3779,(2001)
3780,(2001)
3781,(2001)
3782,(2001)
3783,(2001)
3784,(2001)
3785,(2001)
3786,(2001)
3787,(2001)
3788,(2001)
3789,(2001)
3790,(2001)
3791,(2001)
3792,(2001)
3793,(2001)
3794,(2001)
3795,(2001)
3796,(2001)
3797,(2001)
3798,(2001)
3799,(2001)
3800,(2001)
3801,(2001)
3802,(2001)
3803,(2001)
3804,(2001)
3805,(2001)
3806,(2001)
3807,(2001)
3808,(2001)
3809,(2001)
3810,(2001)
3811,(2001)
3812,(2001)
3813,(2001)
3814,(2001)
3815,(2001)
3816,(2001)
3817,(2001)
3818,(2001)
3819,(2001)
3820,(2001)
3821,(2001)
3822,(2001)
3823,(2001)
3824,(2001)
3825,(2001)
3826,(2001)
3827,(2001)
3828,(2001)
3829,(2001)
3830,(2001)
3831,(2001)
3832,(2001)
3833,(2001)
3834,(2001)
3835,(2001)
3836,(2001)
3837,(2001)
3838,(2001)
3839,(2001)
3840,(II) (2001)
3841,(2001)
3842,(2001)
3843,(2001)
3844,(2001)
3845,(2001)
3846,(2001)
3847,(2001)
3848,(2001)
3849,(2001)
3850,(2001)
3851,(2001)
3852,(2001)
3853,(2001)
3854,(2001)
3855,(2001)
3856,(2001)
3857,(2001)
3858,(2001)
3859,(2001)
3860,(2001)
3861,(2001)
3862,(2001)
3863,(2001)
3864,(2001)
3865,(2001)
3866,(2001)
3867,(2001)
3868,(2001)
3869,(2001)
3870,(2001)
3871,(2001)
3872,(2001)
3873,(2001)
3874,(2001)
3875,(2001)
3876,(2001)
3877,(2001)
3878,(2001)
3879,(2001)
3880,(2001)
3881,(2001)
3882,(2001)
3883,(2001)
3884,(2001)
3885,(2001)
3886,(2001)
3887,(2001)
3888,(2001)
3889,(2001)
3890,(2001)
3891,(2001)
3892,(2001)
3893,(2001)
3894,(2001)
3895,(2001)
3896,(2001)
3897,(2001)
3898,(2001)
3899,(2001)
3900,(2001)
3901,(2001)
3902,(2001)
3903,(2001)
3904,(2001)
3905,(II) (2001)
3906,(2001)
3907,(2001)
3908,(2001)
3909,(2001)
3910,(2001)
3911,(2001)
3912,(2001)
3913,(2001)
3914,(2001)
3915,(2001)
3916,(2001)
3917,(2001)
3918,(2001)
3919,(2001)
3920,(2001)
3921,(2001)
3922,(2001)
3923,(2001)
3924,(2001)
3925,(2001)
3926,(2001)
3927,(2001)
3928,(2001)
3929,(2001)
3930,(2001)
3931,(2001)
3932,(2001)
3933,(2001)
3934,(2001)
3935,(2001)
3936,(2001)
3937,(2001)
3938,(2001)
3939,(2001)
3940,(2001)
3941,(2001)
3942,(2001)
3943,(2001)
3944,(2001)
3945,(2001)
3946,(2001)
3947,(2001)
3948,(2001)
3949,(2001)
3950,(2001)
3951,(2001)
3952,(2001)
3953,(2001)
3954,(2001)
3955,(2001)
3956,(2001)
3957,(2001)
3958,(2001)
3959,(2001)
3960,(2001)
3961,(2001)
3962,(2001)
3963,(2001)
3964,(2001)
3965,(2001)
3966,(2001)
3967,(2001)
3968,(2001)
3969,(2001)
3970,(2001)
3971,(2001)
3972,(2001)
3973,(2001)
3974,(2001)
3975,(2001)
3976,(2001)
3977,(2001)
3978,(2001)
3979,(2001)
3980,(2001)
3981,(2001)
3982,(2001)
3983,(2001)
3984,(2001)
3985,(2001)
3986,(2001)
3987,(2001)
3988,(2001)
3989,(2001)
3990,(2001)
3991,(2001)
3992,(2001)
3993,(2001)
3994,(2001)
3995,(2001)
3996,(2001)
3997,(2001)
3998,(2001)
3999,(2001)
4000,(2001)
4001,(2001)
4002,(2001)
4003,(2001)
4004,(2001)
4005,(2001)
4006,(2001)
4007,(2001)
4008,(2001)
4009,(2001)
4010,(2001)
4011,(2001)
4012,(2001)
4013,(2001)
4014,(2001)
4015,(2001)
4016,(2001)
4017,(2001)
4018,(2001)
4019,(2001)
4020,(2001)
4021,(2001)
4022,(2001)
4023,(2001)
4024,(2001)
4025,(2001)
4026,(2001)
4027,(II) (2001)
4028,(2001)
4029,(2001)
4030,(2001)
4031,(2001)
4032,(2001)
4033,(2001)
4034,(2001)
4035,(2001)
4036,(2001)
4037,(2001)
4038,(2001)
4039,(2001)
4040,(2001)
4041,(2001)
4042,(2001)
4043,(2001)
4044,(2001)
4045,(2001)
4046,(2001)
4047,(2001)
4048,(2001)
4049,(2001)
4050,(2001)
4051,(2001)
4052,(2001)
4053,(2001)
4054,(2002)
4055,(2002)
4056,(2002)
4057,(2002)
4058,(2002)
4059,(2002)
4060,(2002)
4061,(2002)
4062,(2002)
4063,(II) (2002)
4064,(2002)
4065,(2002)
4066,(2002)
4067,(2002)
4068,(2002)
4069,(2002)
4070,(2002)
4071,(2002)
4072,(2002)
4073,(2002)
4074,(2002)
4075,(2002)
4076,(2002)
4077,(2002)
4078,(2002)
4079,(2002)
4080,(2002)
4081,(2002)
4082,(2002)
4083,(2002)
4084,(2002)
4085,(2002)
4086,(2002)
4087,(2002)
4088,(2002)
4089,(2002)
4090,(2002)
4091,(2002)
4092,(2002)
4093,(2002)
4094,(2002)
4095,(2002)
4096,(2002)
4097,(2002)
4098,(2002)
4099,(2002)
4100,(2002)
4101,(2002)
4102,(2002)
4103,(2002)
4104,(2002)
4105,(2002)
4106,(2002)
4107,(2002)
4108,(2002)
4109,(2002)
4110,(2002)
4111,(2002)
4112,(2002)
4113,(2002)
4114,(2002)
4115,(2002)
4116,(2002)
4117,(2002)
4118,(2002)
4119,(2002)
4120,(2002)
4121,(2002)
4122,(2002)
4123,(2002)
4124,(2002)
4125,(2002)
4126,(2002)
4127,(2002)
4128,(2002)
4129,(2002)
4130,(2002)
4131,(2002)
4132,(2002)
4133,(2002)
4134,(2002)
4135,(2002)
4136,(2002)
4137,(2002)
4138,(2002)
4139,(2002)
4140,(2002)
4141,(2002)
4142,(2002)
4143,(2002)
4144,(2002)
4145,(2002)
4146,(2002)
4147,(2002)
4148,(2002)
4149,(2002)
4150,(2002)
4151,(2002)
4152,(2002)
4153,(2002)
4154,(2002)
4155,(2002)
4156,(2002)
4157,(2002)
4158,(2002)
4159,(2002)
4160,(2002)
4161,(2002)
4162,(2002)
4163,(2002)
4164,(2002)
4165,(2002)
4166,(2002)
4167,(2002)
4168,(2002)
4169,(2002)
4170,(2002)
4171,(2002)
4172,(2002)
4173,(2002)
4174,(2002)
4175,(2002)
4176,(2002)
4177,(2002)
4178,(2002)
4179,(2002)
4180,(2002)
4181,(2002)
4182,(2002)
4183,(2002)
4184,(2002)
4185,(2002)
4186,(2002)
4187,(I) (2002)
4188,(2002)
4189,(2002)
4190,(2002)
4191,(2002)
4192,(2002)
4193,(2002)
4194,(2002)
4195,(2002)
4196,(2002)
4197,(2002)
4198,(2002)
4199,(2002)
4200,(2002)
4201,(2002)
4202,(2002)
4203,(2002)
4204,(2002)
4205,(2002)
4206,(2002)
4207,(2002)
4208,(2002)
4209,(2002)
4210,(2002)
4211,(2002)
4212,(2002)
4213,(2002)
4214,(2002)
4215,(2002)
4216,(2002)
4217,(2002)
4218,(2002)
4219,(2002)
4220,(2002)
4221,(II) (2002)
4222,(2002)
4223,(2002)
4224,(2002)
4225,(2002)
4226,(2002)
4227,(2002)
4228,(2002)
4229,(2002)
4230,(2002)
4231,(2002)
4232,(2002)
4233,(2002)
4234,(2002)
4235,(2002)
4236,(2002)
4237,(II) (2002)
4238,(2002)
4239,(2002)
4240,(2002)
4241,(2002)
4242,(2002)
4243,(2002)
4244,(2002)
4245,(2002)
4246,(2002)
4247,(2002)
4248,(2002)
4249,(2002)
4250,(2002)
4251,(2002)
4252,(2002)
4253,(2002)
4254,(2002)
4255,(2002)
4256,(2002)
4257,(2002)
4258,(2002)
4259,(2002)
4260,(2002)
4261,(2002)
4262,(2002)
4263,(2002)
4264,(2002)
4265,(2002)
4266,(2002)
4267,(2002)
4268,(2002)
4269,(2002)
4270,(2002)
4271,(2002)
4272,(2002)
4273,(2002)
4274,(2002)
4275,(2002)
4276,(2002)
4277,(2002)
4278,(2002)
4279,(2002)
4280,(2002)
4281,(2002)
4282,(2002)
4283,(2002)
4284,(2002)
4285,(2002)
4286,(2002)
4287,(2002)
4288,(2002)
4289,(2002)
4290,(2002)
4291,(2002)
4292,(2002)
4293,(2002)
4294,(2002)
4295,(2002)
4296,(2002)
4297,(I) (2002)
4298,(2002)
4299,(2002)
4300,(2002)
4301,(2002)
4302,(2002)
4303,(2002)
4304,(2002)
4305,(2002)
4306,(2002)
4307,(2002)
4308,(2002)
4309,(I) (2002)
4310,(2002)
4311,(2002)
4312,(2002)
4313,(2002)
4314,(2002)
4315,(2002)
4316,(2002)
4317,(2002)
4318,(2002)
4319,(2002)
4320,(2002)
4321,(2002)
4322,(2002)
4323,(2002)
4324,(2002)
4325,(2002)
4326,(2002)
4327,(2002)
4328,(2002)
4329,(2002)
4330,(2002)
4331,(2002)
4332,(2002)
4333,(2002)
4334,(2002)
4335,(2002)
4336,(2002)
4337,(2002)
4338,(2002)
4339,(2002)
4340,(2002)
4341,(2002)
4342,(2002)
4343,(2002)
4344,(2002)
4345,(2002)
4346,(2002)
4347,(2002)
4348,(2002)
4349,(2002)
4350,(2002)
4351,(2002)
4352,(2002)
4353,(2002)
4354,(2002)
4355,(2002)
4356,(2002)
4357,(2002)
4358,(2002)
4359,(2002)
4360,(2002)
4361,(2002)
4362,(2002)
4363,(2002)
4364,(2002)
4365,(2002)
4366,(2002)
4367,(2002)
4368,(2002)
4369,(2002)
4370,(2002)
4371,(2002)
4372,(2002)
4373,(2002)
4374,(2002)
4375,(2002)
4376,(2002)
4377,(2002)
4378,(2002)
4379,(2002)
4380,(2002)
4381,(2002)
4382,(2002)
4383,(2002)
4384,(2002)
4385,(2002)
4386,(2002)
4387,(2002)
4388,(2002)
4389,(2002)
4390,(2002)
4391,(2002)
4392,(2002)
4393,(2002)
4394,(2002)
4395,(2002)
4396,(2002)
4397,(2002)
4398,(2002)
4399,(2002)
4400,(2002)
4401,(2002)
4402,(2002)
4403,(2002)
4404,(2002)
4405,(2002)
4406,(2002)
4407,(2002)
4408,(2002)
4409,(2002)
4410,(2002)
4411,(2002)
4412,(2002)
4413,(2002)
4414,(2002)
4415,(2002)
4416,(2002)
4417,(2002)
4418,(2002)
4419,(2002)
4420,(2002)
4421,(2002)
4422,(2002)
4423,(2002)
4424,(2002)
4425,(2002)
4426,(2002)
4427,(2002)
4428,(2002)
4429,(2002)
4430,(2002)
4431,(2002)
4432,(2002)
4433,(2002)
4434,(2002)
4435,(2002)
4436,(2002)
4437,(II) (2002)
4438,(2002)
4439,(2002)
4440,(2002)
4441,(2002)
4442,(2002)
4443,(2002)
4444,(2002)
4445,(2002)
4446,(2002)
4447,(III) (2002)
4448,(2002)
4449,(2002)
4450,(2002)
4451,(2002)
4452,(2002)
4453,(2002)
4454,(2002)
4455,(2002)
4456,(2002)
4457,(2002)
4458,(2002)
4459,(2002)
4460,(2002)
4461,(2002)
4462,(2002)
4463,(2002)
4464,(2002)
4465,(2002)
4466,(2002)
4467,(2002)
4468,(2002)
4469,(2002)
4470,(2002)
4471,(2002)
4472,(2002)
4473,(2002)
4474,(2002)
4475,(2002)
4476,(2002)
4477,(2002)
4478,(2002)
4479,(2002)
4480,(2002)
4481,(2002)
4482,(2002)
4483,(2002)
4484,(2002)
4485,(2002)
4486,(2002)
4487,(2002)
4488,(2002)
4489,(2002)
4490,(II) (2002)
4491,(2002)
4492,(2002)
4493,(2002)
4494,(2002)
4495,(2002)
4496,(2002)
4497,(2002)
4498,(2002)
4499,(2002)
4500,(2002)
4501,(2002)
4502,(2002)
4503,(I) (2002)
4504,(2002)
4505,(2002)
4506,(2002)
4507,(2002)
4508,(2002)
4509,(2002)
4510,(2002)
4511,(2002)
4512,(2002)
4513,(2002)
4514,(2002)
4515,(2002)
4516,(2002)
4517,(2002)
4518,(2002)
4519,(2002)
4520,(2002)
4521,(2002)
4522,(2002)
4523,(2002)
4524,(2002)
4525,(2002)
4526,(2002)
4527,(2002)
4528,(2002)
4529,(2002)
4530,(2002)
4531,(2002)
4532,(2002)
4533,(2002)
4534,(2002)
4535,(2002)
4536,(2002)
4537,(2002)
4538,(2002)
4539,(2002)
4540,(2002)
4541,(2002)
4542,(2002)
4543,(2002)
4544,(2002)
4545,(2002)
4546,(2002)
4547,(2002)
4548,(2002)
4549,(2002)
4550,(2002)
4551,(2002)
4552,(2002)
4553,(I) (2002)
4554,(2002)
4555,(2002)
4556,(2002)
4557,(2002)
4558,(2002)
4559,(2002)
4560,(2002)
4561,(2002)
4562,(2002)
4563,(2002)
4564,(2002)
4565,(2002)
4566,(I) (2002)
4567,(I) (2002)
4568,(2002)
4569,(2002)
4570,(2002)
4571,(2002)
4572,(2002)
4573,(2002)
4574,(2002)
4575,(2002)
4576,(2002)
4577,(2002)
4578,(2002)
4579,(2002)
4580,(2002)
4581,(2002)
4582,(2002)
4583,(2002)
4584,(2002)
4585,(2002)
4586,(2002)
4587,(2002)
4588,(2002)
4589,(2002)
4590,(2002)
4591,(2002)
4592,(2002)
4593,(2002)
4594,(I) (2002)
4595,(2002)
4596,(2002)
4597,(2002)
4598,(2002)
4599,(2002)
4600,(2002)
4601,(2002)
4602,(2002)
4603,(2002)
4604,(2002)
4605,(2002)
4606,(2002)
4607,(2002)
4608,(2002)
4609,(2002)
4610,(2002)
4611,(2002)
4612,(2002)
4613,(2002)
4614,(2002)
4615,(2002)
4616,(2002)
4617,(2002)
4618,(2002)
4619,(2002)
4620,(2002)
4621,(2002)
4622,(2002)
4623,(2002)
4624,(2002)
4625,(2002)
4626,(2002)
4627,(2002)
4628,(2002)
4629,(2002)
4630,(2002)
4631,(2002)
4632,(2002)
4633,(I) (2002)
4634,(2002)
4635,(2002)
4636,(2002)
4637,(2002)
4638,(2002)
4639,(2002)
4640,(2002)
4641,(2002)
4642,(2002)
4643,(I) (2002)
4644,(2002)
4645,(2002)
4646,(2002)
4647,(2002)
4648,(2002)
4649,(2002)
4650,(2002)
4651,(2002)
4652,(2002)
4653,(2002)
4654,(2002)
4655,(2002)
4656,(I) (2002)
4657,(2002)
4658,(2002)
4659,(2002)
4660,(2002)
4661,(2002)
4662,(2002)
4663,(2002)
4664,(2002)
4665,(2002)
4666,(2002)
4667,(2002)
4668,(2002)
4669,(2002)
4670,(II) (2002)
4671,(2002)
4672,(II) (2002)
4673,(2002)
4674,(2002)
4675,(2002)
4676,(2002)
4677,(2002)
4678,(2002)
4679,(2002)
4680,(2002)
4681,(2002)
4682,(2002)
4683,(2002)
4684,(2002)
4685,(2002)
4686,(2002)
4687,(2002)
4688,(2002)
4689,(2002)
4690,(2002)
4691,(I) (2002)
4692,(2002)
4693,(2002)
4694,(2002)
4695,(2002)
4696,(2002)
4697,(2002)
4698,(2002)
4699,(2002)
4700,(2002)
4701,(2002)
4702,(2002)
4703,(2002)
4704,(2002)
4705,(2002)
4706,(II) (2002)
4707,(2002)
4708,(2002)
4709,(2002)
4710,(2002)
4711,(2002)
4712,(2002)
4713,(2002)
4714,(2002)
4715,(2002)
4716,(2002)
4717,(2002)
4718,(2002)
4719,(2002)
4720,(2002)
4721,(2002)
4722,(2002)
4723,(2002)
4724,(2002)
4725,(2002)
4726,(2002)
4727,(2002)
4728,(2002)
4729,(2002)
4730,(2002)
4731,(2002)
4732,(2002)
4733,(2002)
4734,(II) (2002)
4735,(2002)
4736,(2002)
4737,(2002)
4738,(2002)
4739,(2002)
4740,(2002)
4741,(2002)
4742,(2002)
4743,(2002)
4744,(2002)
4745,(2002)
4746,(2002)
4747,(II) (2002)
4748,(2002)
4749,(2002)
4750,(2002)
4751,(2002)
4752,(2002)
4753,(2002)
4754,(2002)
4755,(2002)
4756,(2002)
4757,(2002)
4758,(2002)
4759,(2002)
4760,(2002)
4761,(2002)
4762,(2002)
4763,(2002)
4764,(2002)
4765,(2002)
4766,(2002)
4767,(2002)
4768,(2002)
4769,(2002)
4770,(2002)
4771,(2002)
4772,(2002)
4773,(2002)
4774,(2002)
4775,(2002)
4776,(II) (2002)
4777,(2002)
4778,(2002)
4779,(2002)
4780,(2002)
4781,(2002)
4782,(2002)
4783,(2002)
4784,(2002)
4785,(2002)
4786,(2002)
4787,(2002)
4788,(2002)
4789,(2002)
4790,(2002)
4791,(2002)
4792,(2002)
4793,(2002)
4794,(2002)
4795,(2002)
4796,(2002)
4797,(2002)
4798,(2002)
4799,(2002)
4800,(2002)
4801,(2002)
4802,(2002)
4803,(2002)
4804,(2002)
4805,(2002)
4806,(2002)
4807,(2002)
4808,(2002)
4809,(2002)
4810,(2002)
4811,(2002)
4812,(2002)
4813,(2002)
4814,(2002)
4815,(2002)
4816,(2002)
4817,(2002)
4818,(2002)
4819,(2002)
4820,(2002)
4821,(2002)
4822,(2002)
4823,(2002)
4824,(2002)
4825,(2002)
4826,(2002)
4827,(2002)
4828,(2002)
4829,(2002)
4830,(2002)
4831,(2002)
4832,(2002)
4833,(2002)
4834,(2002)
4835,(2002)
4836,(2002)
4837,(2002)
4838,(2002)
4839,(2002)
4840,(2002)
4841,(2002)
4842,(2002)
4843,(2002)
4844,(2002)
4845,(2002)
4846,(2002)
4847,(2002)
4848,(2002)
4849,(2002)
4850,(2002)
4851,(2002)
4852,(2002)
4853,(2002)
4854,(2002)
4855,(2002)
4856,(2002)
4857,(2002)
4858,(2002)
4859,(2002)
4860,(2002)
4861,(2002)
4862,(2002)
4863,(2002)
4864,(2002)
4865,(2002)
4866,(2002)
4867,(2002)
4868,(2002)
4869,(2002)
4870,(2002)
4871,(2002)
4872,(2002)
4873,(I) (2002)
4874,(2002)
4875,(2002)
4876,(2002)
4877,(2002)
4878,(2002)
4879,(2002)
4880,(2002)
4881,(2002)
4882,(2002)
4883,(2002)
4884,(2002)
4885,(2002)
4886,(2002)
4887,(2002)
4888,(2002)
4889,(2002)
4890,(2002)
4891,(2002)
4892,(2002)
4893,(2002)
4894,(2002)
4895,(2002)
4896,(2002)
4897,(2002)
4898,(2002)
4899,(2002)
4900,(2002)
4901,(2002)
4902,(2002)
4903,(2002)
4904,(2002)
4905,(2002)
4906,(2002)
4907,(2002)
4908,(2002)
4909,(2002)
4910,(2002)
4911,(2002)
4912,(2002)
4913,(2002)
4914,(2002)
4915,(2002)
4916,(2002)
4917,(2002)
4918,(I) (2002)
4919,(2002)
4920,(2002)
4921,(2002)
4922,(2002)
4923,(2002)
4924,(I) (2002)
4925,(2002)
4926,(2002)
4927,(2002)
4928,(2002)
4929,(2002)
4930,(2002)
4931,(2002)
4932,(2002)
4933,(2002)
4934,(2002)
4935,(2002)
4936,(2002)
4937,(2002)
4938,(2002)
4939,(2002)
4940,(2002)
4941,(2002)
4942,(2002)
4943,(2002)
4944,(2002)
4945,(2002)
4946,(2002)
4947,(2002)
4948,(2016)
4949,(2002)
4950,(2002)
4951,(2002)
4952,(2002)
4953,(2002)
4954,(2002)
4955,(2002)
4956,(2002)
4957,(2002)
4958,(2002)
4959,(2002)
4960,(2002)
4961,(2002)
4962,(2002)
4963,(2002)
4964,(2002)
4965,(2002)
4966,(2002)
4967,(2002)
4968,(2002)
4969,(2002)
4970,(2002)
4971,(2002)
4972,(2002)
4973,(2002)
4974,(2002)
4975,(2002)
4976,(2002)
4977,(2002)
4978,(2002)
4979,(2002)
4980,(2002)
4981,(2002)
4982,(2002)
4983,(2002)
4984,(2002)
4985,(2002)
4986,(2002)
4987,(2002)
4988,(I) (2002)
4989,(2002)
4990,(2002)
4991,(2002)
4992,(2002)
4993,(2002)
4994,(2002)
4995,(2002)
4996,(2002)
4997,(2002)
4998,(2002)
4999,(2002)
5000,(2002)
5001,(2002)
5002,(2002)
5003,(2002)
5004,(2002)
5005,(2002)
5006,(2002)
5007,(2002)
5008,(2002)
5009,(2002)
5010,(2002)
5011,(2002)
5012,(2002)
5013,(2002)
5014,(2002)
5015,(2002)
5016,(2002)
5017,(2002)
5018,(2002)
5019,(2002)
5020,(2002)
5021,(2002)
5022,(2002)
5023,(2002)
5024,(2002)
5025,(2002)
5026,(2002)
5027,(2002)
5028,(2002)
5029,(2002)
5030,(2002)
5031,(2002)
5032,(2002)
5033,(2002)
5034,(2002)
5035,(2002)
5036,(2002)
5037,(2002)
5038,(2002)
5039,(2002)
5040,(2002)
5041,(2002)
5042,(2002)
5043,(2002)
5044,(2002)
5045,(2002)
5046,(2002)
5047,(2002)
5048,(2002)
5049,(2002)
5050,(2002)
5051,(2002)
5052,(2002)
5053,(2002)
5054,(2002)
5055,(2002)
5056,(2002)
5057,(2002)
5058,(2002)
5059,(2002)
5060,(2002)
5061,(2002)
5062,(2002)
5063,(2002)
5064,(2002)
5065,(2002)
5066,(2002)
5067,(2002)
5068,(2002)
5069,(2002)
5070,(2002)
5071,(2002)
5072,(2002)
5073,(2002)
5074,(2002)
5075,(2002)
5076,(2002)
5077,(2002)
5078,(2002)
5079,(2002)
5080,(2002)
5081,(2002)
5082,(2002)
5083,(2002)
5084,(2002)
5085,(2002)
5086,(2002)
5087,(2002)
5088,(2002)
5089,(2002)
5090,(2002)
5091,(2002)
5092,(2002)
5093,(2002)
5094,(II) (2002)
5095,(2002)
5096,(2002)
5097,(2002)
5098,(2002)
5099,(2002)
5100,(2002)
5101,(2002)
5102,(2002)
5103,(2002)
5104,(2002)
5105,(2002)
5106,(2002)
5107,(2002)
5108,(2002)
5109,(2002)
5110,(2002)
5111,(2002)
5112,(I) (2002)
5113,(2002)
5114,(2002)
5115,(2002)
5116,(2002)
5117,(2002)
5118,(2002)
5119,(2002)
5120,(2002)
5121,(2002)
5122,(2002)
5123,(2002)
5124,(2002)
5125,(2002)
5126,(2002)
5127,(2002)
5128,(2002)
5129,(2002)
5130,(2002)
5131,(2002)
5132,(2002)
5133,(2002)
5134,(2002)
5135,(2002)
5136,(2002)
5137,(2002)
5138,(2002)
5139,(2002)
5140,(2002)
5141,(2002)
5142,(2002)
5143,(2002)
5144,(2002)
5145,(2002)
5146,(2002)
5147,(2002)
5148,(2002)
5149,(2002)
5150,(2002)
5151,(2002)
5152,(2002)
5153,(2002)
5154,(2002)
5155,(2002)
5156,(2002)
5157,(2002)
5158,(2002)
5159,(2002)
5160,(2002)
5161,(2002)
5162,(2002)
5163,(2002)
5164,(2002)
5165,(2002)
5166,(2002)
5167,(2002)
5168,(2002)
5169,(2002)
5170,(2002)
5171,(2002)
5172,(2002)
5173,(2002)
5174,(2002)
5175,(2002)
5176,(2002)
5177,(2002)
5178,(2002)
5179,(2002)
5180,(2002)
5181,(2002)
5182,(2002)
5183,(2002)
5184,(2002)
5185,(2002)
5186,(2002)
5187,(2002)
5188,(2002)
5189,(2002)
5190,(2002)
5191,(2002)
5192,(2002)
5193,(2002)
5194,(2002)
5195,(2002)
5196,(2002)
5197,(2002)
5198,(2002)
5199,(2002)
5200,(2002)
5201,(2002)
5202,(2002)
5203,(2002)
5204,(2002)
5205,(2002)
5206,(2002)
5207,(2002)
5208,(2002)
5209,(2002)
5210,(2002)
5211,(2002)
5212,(2002)
5213,(2002)
5214,(2002)
5215,(2002)
5216,(2002)
5217,(2002)
5218,(2002)
5219,(2002)
5220,(2002)
5221,(2002)
5222,(II) (2002)
5223,(2002)
5224,(2002)
5225,(2002)
5226,(2002)
5227,(2002)
5228,(2002)
5229,(2002)
5230,(2002)
5231,(2002)
5232,(2002)
5233,(III) (2002)
5234,(2002)
5235,(2002)
5236,(2002)
5237,(2002)
5238,(2002)
5239,(2002)
5240,(2002)
5241,(2002)
5242,(2002)
5243,(2002)
5244,(2002)
5245,(2002)
5246,(2002)
5247,(2002)
5248,(2002)
5249,(2002)
5250,(2002)
5251,(2002)
5252,(2002)
5253,(2002)
5254,(2002)
5255,(2002)
5256,(2002)
5257,(2002)
5258,(2002)
5259,(2002)
5260,(2002)
5261,(2002)
5262,(2002)
5263,(2002)
5264,(2002)
5265,(2002)
5266,(2002)
5267,(2002)
5268,(2002)
5269,(2002)
5270,(2002)
5271,(2002)
5272,(2002)
5273,(2002)
5274,(2002)
5275,(2002)
5276,(2002)
5277,(2002)
5278,(2002)
5279,(2002)
5280,(2002)
5281,(2002)
5282,(2002)
5283,(2002)
5284,(2002)
5285,(2002)
5286,(2002)
5287,(2002)
5288,(2002)
5289,(2002)
5290,(2002)
5291,(2002)
5292,(2002)
5293,(2002)
5294,(2002)
5295,(2002)
5296,(2002)
5297,(2002)
5298,(2002)
5299,(2002)
5300,(2002)
5301,(II) (2002)
5302,(2002)
5303,(2002)
5304,(2002)
5305,(2002)
5306,(2002)
5307,(2002)
5308,(2002)
5309,(2002)
5310,(2002)
5311,(2002)
5312,(2002)
5313,(2002)
5314,(2002)
5315,(2002)
5316,(2002)
5317,(2002)
5318,(2002)
5319,(2002)
5320,(2002)
5321,(2002)
5322,(2002)
5323,(2002)
5324,(2002)
5325,(2002)
5326,(2002)
5327,(2002)
5328,(2002)
5329,(2002)
5330,(2002)
5331,(2002)
5332,(2002)
5333,(2002)
5334,(2002)
5335,(2002)
5336,(2002)
5337,(2002)
5338,(2002)
5339,(2002)
5340,(2002)
5341,(2002)
5342,(2002)
5343,(2002)
5344,(2002)
5345,(2002)
5346,(2002)
5347,(2002)
5348,(2002)
5349,(2002)
5350,(2002)
5351,(2002)
5352,(2002)
5353,(2002)
5354,(2002)
5355,(2002)
5356,(2002)
5357,(2002)
5358,(2002)
5359,(2002)
5360,(2002)
5361,(2002)
5362,(2002)
5363,(2002)
5364,(2002)
5365,(2002)
5366,(2002)
5367,(2002)
5368,(2002)
5369,(2002)
5370,(2002)
5371,(2002)
5372,(2002)
5373,(2002)
5374,(2002)
5375,(2002)
5376,(2002)
5377,(2002)
5378,(I) (2002)
5379,(2002)
5380,(2002)
5381,(2002)
5382,(2002)
5383,(2002)
5384,(2002)
5385,(2002)
5386,(2002)
5387,(2002)
5388,(2002)
5389,(2002)
5390,(2002)
5391,(2002)
5392,(2002)
5393,(2002)
5394,(2002)
5395,(2002)
5396,(I) (2002)
5397,(2002)
5398,(2002)
5399,(2002)
5400,(I) (2002)
5401,(2002)
5402,(2002)
5403,(2002)
5404,(2002)
5405,(2002)
5406,(2002)
5407,(2002)
5408,(2002)
5409,(2002)
5410,(2002)
5411,(2002)
5412,(2002)
5413,(2002)
5414,(2002)
5415,(2002)
5416,(2002)
5417,(2002)
5418,(2002)
5419,(I) (2002)
5420,(2002)
5421,(2002)
5422,(2002)
5423,(2002)
5424,(2002)
5425,(2002)
5426,(2002)
5427,(2002)
5428,(2002)
5429,(2002)
5430,(2002)
5431,(2002)
5432,(2002)
5433,(2002)
5434,(2002)
5435,(2002)
5436,(2002)
5437,(2002)
5438,(2002)
5439,(2002)
5440,(2002)
5441,(2002)
5442,(2002)
5443,(2002)
5444,(2002)
5445,(2002)
5446,(2002)
5447,(2002)
5448,(2002)
5449,(2002)
5450,(2002)
5451,(2002)
5452,(2002)
5453,(2002)
5454,(2002)
5455,(2002)
5456,(2002)
5457,(2002)
5458,(2002)
5459,(2002)
5460,(I) (2002)
5461,(2002)
5462,(2002)
5463,(2002)
5464,(2002)
5465,(2002)
5466,(2002)
5467,(2002)
5468,(2002)
5469,(2002)
5470,(2002)
5471,(2002)
5472,(2002)
5473,(2002)
5474,(2002)
5475,(2002)
5476,(2002)
5477,(2002)
5478,(2002)
5479,(2002)
5480,(2002)
5481,(2002)
5482,(2002)
5483,(2002)
5484,(2002)
5485,(2002)
5486,(2002)
5487,(2002)
5488,(2002)
5489,(2002)
5490,(2002)
5491,(2002)
5492,(2002)
5493,(2002)
5494,(2002)
5495,(2002)
5496,(2002)
5497,(2002)
5498,(2002)
5499,(2002)
5500,(2002)
5501,(2002)
5502,(2002)
5503,(2002)
5504,(2002)
5505,(2002)
5506,(2002)
5507,(2002)
5508,(2002)
5509,(2002)
5510,(2002)
5511,(2002)
5512,(2002)
5513,(2002)
5514,(2002)
5515,(2002)
5516,(2002)
5517,(2002)
5518,(2002)
5519,(2002)
5520,(2002)
5521,(2002)
5522,(2002)
5523,(2002)
5524,(2002)
5525,(2002)
5526,(2002)
5527,(2002)
5528,(2002)
5529,(2002)
5530,(2002)
5531,(2002)
5532,(2002)
5533,(2002)
5534,(2002)
5535,(2002)
5536,(2002)
5537,(2002)
5538,(2002)
5539,(2002)
5540,(2002)
5541,(2002)
5542,(2002)
5543,(2002)
5544,(2002)
5545,(2002)
5546,(2002)
5547,(2002)
5548,(2002)
5549,(2002)
5550,(2002)
5551,(2002)
5552,(2002)
5553,(2002)
5554,(2002)
5555,(2002)
5556,(2002)
5557,(2002)
5558,(2002)
5559,(2002)
5560,(2002)
5561,(2002)
5562,(2002)
5563,(2002)
5564,(2002)
5565,(2002)
5566,(2002)
5567,(2002)
5568,(2002)
5569,(2002)
5570,(2002)
5571,(2002)
5572,(2002)
5573,(2002)
5574,(2002)
5575,(2002)
5576,(2002)
5577,(2002)
5578,(2002)
5579,(2002)
5580,(2002)
5581,(2002)
5582,(2002)
5583,(2002)
5584,(2002)
5585,(2002)
5586,(2002)
5587,(2002)
5588,(2002)
5589,(2002)
5590,(2002)
5591,(2002)
5592,(2002)
5593,(2002)
5594,(2002)
5595,(2002)
5596,(2002)
5597,(2002)
5598,(2002)
5599,(2002)
5600,(2002)
5601,(2002)
5602,(2002)
5603,(2002)
5604,(2002)
5605,(2002)
5606,(2002)
5607,(2002)
5608,(2002)
5609,(2002)
5610,(2002)
5611,(2002)
5612,(2002)
5613,(2002)
5614,(2002)
5615,(2002)
5616,(2002)
5617,(2002)
5618,(2002)
5619,(2002)
5620,(2002)
5621,(2002)
5622,(2002)
5623,(2002)
5624,(2002)
5625,(2002)
5626,(2002)
5627,(2002)
5628,(2002)
5629,(2002)
5630,(2002)
5631,(2002)
5632,(2002)
5633,(2002)
5634,(2002)
5635,(2002)
5636,(2002)
5637,(2002)
5638,(2002)
5639,(2002)
5640,(2002)
5641,(2002)
5642,(2002)
5643,(2002)
5644,(2002)
5645,(2002)
5646,(2002)
5647,(2002)
5648,(2002)
5649,(2002)
5650,(2002)
5651,(2002)
5652,(2002)
5653,(2002)
5654,(2002)
5655,(2002)
5656,(2002)
5657,(2002)
5658,(2002)
5659,(2002)
5660,(2002)
5661,(2002)
5662,(2002)
5663,(2002)
5664,(2002)
5665,(2002)
5666,(2002)
5667,(2002)
5668,(2002)
5669,(2002)
5670,(2002)
5671,(2002)
5672,(2002)
5673,(2002)
5674,(2002)
5675,(2002)
5676,(2002)
5677,(2002)
5678,(2002)
5679,(2002)
5680,(2002)
5681,(2002)
5682,(2002)
5683,(2002)
5684,(2002)
5685,(2002)
5686,(2002)
5687,(2002)
5688,(2002)
5689,(2002)
5690,(2002)
5691,(2002)
5692,(2002)
5693,(2002)
5694,(2002)
5695,(2002)
5696,(2002)
5697,(2002)
5698,(2002)
5699,(2002)
5700,(2002)
5701,(2002)
5702,(2002)
5703,(2002)
5704,(2002)
5705,(2002)
5706,(2002)
5707,(2002)
5708,(2002)
5709,(2002)
5710,(2002)
5711,(2002)
5712,(2002)
5713,(2002)
5714,(2002)
5715,(2002)
5716,(2002)
5717,(2002)
5718,(2002)
5719,(2002)
5720,(II) (2002)
5721,(2002)
5722,(2002)
5723,(2002)
5724,(2002)
5725,(2002)
5726,(2002)
5727,(2002)
5728,(2002)
5729,(2002)
5730,(I) (2002)
5731,(2002)
5732,(2002)
5733,(2002)
5734,(2002)
5735,(2002)
5736,(2002)
5737,(2002)
5738,(2002)
5739,(II) (2002)
5740,(I) (2002)
5741,(2002)
5742,(2002)
5743,(2002)
5744,(2002)
5745,(2002)
5746,(2002)
5747,(2002)
5748,(2002)
5749,(2002)
5750,(2002)
5751,(2002)
5752,(2002)
5753,(2002)
5754,(2002)
5755,(2002)
5756,(2002)
5757,(2002)
5758,(2002)
5759,(2002)
5760,(2002)
5761,(2002)
5762,(2002)
5763,(2002)
5764,(2002)
5765,(2002)
5766,(2002)
5767,(2002)
5768,(2002)
5769,(2002)
5770,(2002)
5771,(2002)
5772,(2002)
5773,(2002)
5774,(2002)
5775,(2002)
5776,(2002)
5777,(2002)
5778,(2002)
5779,(2002)
5780,(2002)
5781,(2002)
5782,(2002)
5783,(2002)
5784,(2002)
5785,(2002)
5786,(2002)
5787,(2002)
5788,(2002)
5789,(2002)
5790,(2002)
5791,(2002)
5792,(2002)
5793,(2002)
5794,(2002)
5795,(2002)
5796,(2002)
5797,(2002)
5798,(2002)
5799,(2002)
5800,(2002)
5801,(2002)
5802,(2002)
5803,(2002)
5804,(2002)
5805,(2002)
5806,(2002)
5807,(2002)
5808,(2002)
5809,(2002)
5810,(2002)
5811,(2002)
5812,(2002)
5813,(2002)
5814,(2002)
5815,(2002)
5816,(2002)
5817,(2002)
5818,(2002)
5819,(2002)
5820,(2002)
5821,(2002)
5822,(2002)
5823,(2002)
5824,(2002)
5825,(2002)
5826,(2002)
5827,(2002)
5828,(2002)
5829,(I) (2002)
5830,(2002)
5831,(2002)
5832,(2002)
5833,(2002)
5834,(2002)
5835,(2002)
5836,(2002)
5837,(2002)
5838,(2002)
5839,(2002)
5840,(2002)
5841,(2002)
5842,(2002)
5843,(2002)
5844,(2002)
5845,(2002)
5846,(2002)
5847,(2002)
5848,(2002)
5849,(2002)
5850,(2002)
5851,(2002)
5852,(2002)
5853,(2002)
5854,(2002)
5855,(2002)
5856,(2002)
5857,(2002)
5858,(2002)
5859,(2002)
5860,(2002)
5861,(2002)
5862,(2002)
5863,(2002)
5864,(2002)
5865,(2002)
5866,(2002)
5867,(2002)
5868,(2002)
5869,(2002)
5870,(2002)
5871,(2002)
5872,(2002)
5873,(2002)
5874,(2002)
5875,(2002)
5876,(2002)
5877,(2002)
5878,(2002)
5879,(2002)
5880,(2002)
5881,(2002)
5882,(2002)
5883,(2002)
5884,(2002)
5885,(2002)
5886,(2002)
5887,(2002)
5888,(2002)
5889,(2002)
5890,(2002)
5891,(2002)
5892,(2002)
5893,(2002)
5894,(2002)
5895,(2002)
5896,(2002)
5897,(2002)
5898,(2002)
5899,(2002)
